{
  "0": 3.8446050807905303,
  "1": 3.966982733922167,
  "2": 3.9497647059339966,
  "3": 4.029404787820719,
  "4": 4.039035280261747,
  "5": 3.83536142986274,
  "6": 3.989330461490942,
  "7": 4.068836115485278,
  "8": 3.8099933363025977,
  "9": 4.017737718178224
}