{
  "0": 0.7520786963067423,
  "1": 0.6178330627447579,
  "2": 0.6577302435401532,
  "3": 0.5731518011645255,
  "4": 0.5757158092664206,
  "5": 0.7423708535577305,
  "6": 0.6127509778591254,
  "7": 0.5524967554168679,
  "8": 0.7954544389177615,
  "9": 0.5969417942254216
}