{
  "run_id": "fedavg_a0.1_s456",
  "method": "FedAvg",
  "seed": 456,
  "alpha": 0.1,
  "rounds": 20,
  "round_accuracy": [
    0.2910042735042735,
    0.3073739316239316,
    0.3634508547008547,
    0.4006517094017094,
    0.37590598290598287,
    0.4249273504273504,
    0.4142606837606838,
    0.4009935897435898,
    0.4147029914529915,
    0.4454444444444444,
    0.41794230769230767,
    0.45436538461538456,
    0.42376068376068377,
    0.4124423076923077,
    0.42189529914529916,
    0.41576068376068376,
    0.4231068376068376,
    0.409241452991453,
    0.4360940170940171,
    0.421741452991453
  ],
  "final_accuracy": 0.421741452991453,
  "client_accuracies": [
    0.64,
    0.275,
    0.645,
    0.4875,
    0.375,
    0.25,
    0.4576923076923077,
    0.2222222222222222,
    0.3875,
    0.4775
  ],
  "mean_client_accuracy": 0.421741452991453,
  "worst_client_accuracy": 0.2222222222222222,
  "total_bytes_sent": 494600000,
  "total_bytes_received": 494600000,
  "partition_fingerprint": "5a1a09f7b72cb5bb0bcb2956879a29e559ad46b194615397903f969c18081a18"
}