{
  "run_id": "fedavg_a1.0_s42",
  "method": "FedAvg",
  "seed": 42,
  "alpha": 1.0,
  "rounds": 20,
  "round_accuracy": [
    0.3335,
    0.44325000000000003,
    0.50925,
    0.5425,
    0.561,
    0.5595,
    0.5685,
    0.567,
    0.572,
    0.5665,
    0.56425,
    0.5625,
    0.55575,
    0.557,
    0.5547500000000001,
    0.55275,
    0.55125,
    0.5455,
    0.5485,
    0.5507500000000001
  ],
  "final_accuracy": 0.5507500000000001,
  "client_accuracies": [
    0.56,
    0.5725,
    0.5025,
    0.5425,
    0.565,
    0.4975,
    0.605,
    0.5925,
    0.525,
    0.545
  ],
  "mean_client_accuracy": 0.5507500000000001,
  "worst_client_accuracy": 0.4975,
  "total_bytes_sent": 494600000,
  "total_bytes_received": 494600000,
  "partition_fingerprint": "8df041c8f3151991df3f09f2b9feff900ffa303db96244853699424413325eb4"
}