{
  "run_id": "fedavg_a0.1_s123",
  "method": "FedAvg",
  "seed": 123,
  "alpha": 0.1,
  "rounds": 20,
  "round_accuracy": [
    0.3263100061470803,
    0.3971971344347945,
    0.3653079866538172,
    0.4050213662136569,
    0.3815834872031595,
    0.4154459159130323,
    0.4320101826924597,
    0.4308721620368817,
    0.46181301229686006,
    0.4561672126346023,
    0.4790556337759308,
    0.4668311876398182,
    0.4851069715371673,
    0.4613002878599792,
    0.4828185314609805,
    0.4560812652495988,
    0.48667160139539495,
    0.46133189181601486,
    0.49428542071828285,
    0.4595447263720156
  ],
  "final_accuracy": 0.4595447263720156,
  "client_accuracies": [
    0.5725,
    0.5425,
    0.1375,
    0.54,
    0.6,
    0.13432835820895522,
    0.21649484536082475,
    0.849624060150376,
    0.49,
    0.5125
  ],
  "mean_client_accuracy": 0.4595447263720156,
  "worst_client_accuracy": 0.13432835820895522,
  "total_bytes_sent": 494600000,
  "total_bytes_received": 494600000,
  "partition_fingerprint": "70b44aebf35fc67b55f254cebccf302fc3e4cf8c2194dc6e71c9570d3c1499b3"
}