{
  "run_id": "fedavg_a0.1_s42",
  "method": "FedAvg",
  "seed": 42,
  "alpha": 0.1,
  "rounds": 20,
  "round_accuracy": [
    0.2718205418903138,
    0.33671378654124495,
    0.38831966535516144,
    0.36339329453656627,
    0.39280440658567417,
    0.40768626064401225,
    0.45077748016815666,
    0.4382214514853505,
    0.45554546281385794,
    0.43848651520138127,
    0.449930041558939,
    0.4445066506605895,
    0.46103006775773014,
    0.4636018552025002,
    0.4865045717507008,
    0.46757152420989145,
    0.49269994546317547,
    0.4603046092941268,
    0.4866126052901413,
    0.46379623341217774
  ],
  "final_accuracy": 0.46379623341217774,
  "client_accuracies": [
    0.445,
    0.43,
    0.50814332247557,
    0.3025,
    0.4725,
    0.5,
    0.5475,
    0.5555555555555556,
    0.4192634560906516,
    0.4575
  ],
  "mean_client_accuracy": 0.46379623341217774,
  "worst_client_accuracy": 0.3025,
  "total_bytes_sent": 494600000,
  "total_bytes_received": 494600000,
  "partition_fingerprint": "5c60285ed8c946f3ac30150b5300d114736a0adff756c193c0a053b0f7d6b934"
}