{
  "run_id": "fedavg_a1.0_s123",
  "method": "FedAvg",
  "seed": 123,
  "alpha": 1.0,
  "rounds": 20,
  "round_accuracy": [
    0.3395,
    0.4725,
    0.546,
    0.5685,
    0.588,
    0.5912499999999999,
    0.595,
    0.5980000000000001,
    0.6005,
    0.5972500000000001,
    0.58925,
    0.589,
    0.58575,
    0.5820000000000001,
    0.58075,
    0.57875,
    0.5825,
    0.57625,
    0.57725,
    0.57775
  ],
  "final_accuracy": 0.57775,
  "client_accuracies": [
    0.6875,
    0.53,
    0.6175,
    0.475,
    0.625,
    0.5375,
    0.5525,
    0.6075,
    0.5,
    0.645
  ],
  "mean_client_accuracy": 0.57775,
  "worst_client_accuracy": 0.475,
  "total_bytes_sent": 494600000,
  "total_bytes_received": 494600000,
  "partition_fingerprint": "855b799bb56c59f92a0e7d446332355941c2de59fd5b8a1820e79ed7f6ba790b"
}