{
  "run_id": "fedavg_a1.0_s456",
  "method": "FedAvg",
  "seed": 456,
  "alpha": 1.0,
  "rounds": 20,
  "round_accuracy": [
    0.28575,
    0.46049999999999996,
    0.5215,
    0.55025,
    0.561,
    0.5700000000000001,
    0.5675,
    0.57125,
    0.57175,
    0.565,
    0.56425,
    0.5665,
    0.56025,
    0.55925,
    0.55275,
    0.5542499999999999,
    0.5547500000000001,
    0.55625,
    0.5497500000000001,
    0.5515
  ],
  "final_accuracy": 0.5515,
  "client_accuracies": [
    0.555,
    0.5925,
    0.5125,
    0.56,
    0.4775,
    0.56,
    0.5525,
    0.5525,
    0.625,
    0.5275
  ],
  "mean_client_accuracy": 0.5515,
  "worst_client_accuracy": 0.4775,
  "total_bytes_sent": 494600000,
  "total_bytes_received": 494600000,
  "partition_fingerprint": "fcad07ff840ae5ce4ad3d60c5972e236361485066b372804fa11c48a3d841302"
}