{
  "run_id": "flex_a1.0_s456",
  "method": "FLEX",
  "seed": 456,
  "alpha": 1.0,
  "rounds": 20,
  "round_accuracy": [
    0.5509999999999999,
    0.57775,
    0.572,
    0.5675,
    0.5595,
    0.5662499999999999,
    0.56275,
    0.56775,
    0.56675,
    0.5625,
    0.55975,
    0.55975,
    0.564,
    0.5660000000000001,
    0.568,
    0.5667500000000001,
    0.56325,
    0.56825,
    0.5715,
    0.56725
  ],
  "final_accuracy": 0.5672499999999999,
  "client_accuracies": [
    0.65,
    0.59,
    0.4925,
    0.53,
    0.5975,
    0.5925,
    0.535,
    0.595,
    0.575,
    0.515
  ],
  "mean_client_accuracy": 0.5672499999999999,
  "worst_client_accuracy": 0.4925,
  "total_bytes_sent": 1889640,
  "total_bytes_received": 35032334,
  "partition_fingerprint": "fcad07ff840ae5ce4ad3d60c5972e236361485066b372804fa11c48a3d841302"
}