{
  "run_id": "flex_a0.1_s123",
  "method": "FLEX",
  "seed": 123,
  "alpha": 0.1,
  "rounds": 20,
  "round_accuracy": [
    0.782809994095872,
    0.792789457680206,
    0.7922813684272227,
    0.7983835223734055,
    0.7942610361108187,
    0.794630467151106,
    0.7836342480489576,
    0.7919745252884481,
    0.7849845437952474,
    0.7883310586436857,
    0.7755216811840341,
    0.7806607899190968,
    0.7870982861832223,
    0.7870067558108997,
    0.7791219769303239,
    0.7791688791720801,
    0.7849467022302641,
    0.7813266726787734,
    0.7910395137906313,
    0.7864714205115806
  ],
  "final_accuracy": 0.7864714205115806,
  "client_accuracies": [
    0.7575,
    0.8525,
    0.66,
    0.795,
    0.94,
    0.914179104477612,
    0.5257731958762887,
    0.9047619047619048,
    0.71,
    0.805
  ],
  "mean_client_accuracy": 0.7864714205115806,
  "worst_client_accuracy": 0.5257731958762887,
  "total_bytes_sent": 1225360,
  "total_bytes_received": 18059731,
  "partition_fingerprint": "70b44aebf35fc67b55f254cebccf302fc3e4cf8c2194dc6e71c9570d3c1499b3"
}