{
  "run_id": "flex_a1.0_s42",
  "method": "FLEX",
  "seed": 42,
  "alpha": 1.0,
  "rounds": 20,
  "round_accuracy": [
    0.51875,
    0.5575,
    0.5502499999999999,
    0.542,
    0.5462499999999999,
    0.54375,
    0.541,
    0.5335,
    0.5469999999999999,
    0.53525,
    0.5309999999999999,
    0.5277499999999999,
    0.5309999999999999,
    0.5327500000000001,
    0.52625,
    0.52675,
    0.5305,
    0.53325,
    0.5265,
    0.5297499999999999
  ],
  "final_accuracy": 0.5297499999999999,
  "client_accuracies": [
    0.4725,
    0.59,
    0.5125,
    0.5825,
    0.6375,
    0.445,
    0.6425,
    0.4775,
    0.4125,
    0.525
  ],
  "mean_client_accuracy": 0.5297499999999999,
  "worst_client_accuracy": 0.4125,
  "total_bytes_sent": 1873440,
  "total_bytes_received": 31369667,
  "partition_fingerprint": "8df041c8f3151991df3f09f2b9feff900ffa303db96244853699424413325eb4"
}