{
  "run_id": "flex_a0.1_s456",
  "method": "FLEX",
  "seed": 456,
  "alpha": 0.1,
  "rounds": 20,
  "round_accuracy": [
    0.7625128205128205,
    0.786732905982906,
    0.7870106837606838,
    0.7902606837606838,
    0.7852884615384615,
    0.7806452991452991,
    0.7851367521367522,
    0.8094636752136752,
    0.7985619658119658,
    0.8217863247863247,
    0.7928055555555555,
    0.8151153846153847,
    0.7713910256410257,
    0.8094337606837607,
    0.7870662393162393,
    0.8225363247863248,
    0.8192777777777778,
    0.7591068376068376,
    0.7932008547008547,
    0.81125
  ],
  "final_accuracy": 0.8112499999999999,
  "client_accuracies": [
    0.9425,
    0.7775,
    0.8875,
    0.7675,
    0.72,
    0.75,
    0.8,
    0.75,
    0.7625,
    0.955
  ],
  "mean_client_accuracy": 0.8112499999999999,
  "worst_client_accuracy": 0.72,
  "total_bytes_sent": 1225200,
  "total_bytes_received": 21425373,
  "partition_fingerprint": "5a1a09f7b72cb5bb0bcb2956879a29e559ad46b194615397903f969c18081a18"
}