{
  "run_id": "flex_a1.0_s123",
  "method": "FLEX",
  "seed": 123,
  "alpha": 1.0,
  "rounds": 20,
  "round_accuracy": [
    0.537,
    0.55675,
    0.546,
    0.54325,
    0.5365,
    0.5457500000000001,
    0.54425,
    0.5349999999999999,
    0.5325,
    0.53775,
    0.5485,
    0.531,
    0.5395,
    0.5415,
    0.53575,
    0.5377500000000001,
    0.5509999999999999,
    0.54625,
    0.54475,
    0.5417500000000001
  ],
  "final_accuracy": 0.5417500000000001,
  "client_accuracies": [
    0.6125,
    0.505,
    0.605,
    0.43,
    0.5975,
    0.54,
    0.535,
    0.5575,
    0.47,
    0.565
  ],
  "mean_client_accuracy": 0.5417500000000001,
  "worst_client_accuracy": 0.43,
  "total_bytes_sent": 1857240,
  "total_bytes_received": 29918804,
  "partition_fingerprint": "855b799bb56c59f92a0e7d446332355941c2de59fd5b8a1820e79ed7f6ba790b"
}