{
  "run_id": "flex_a0.1_s42",
  "method": "FLEX",
  "seed": 42,
  "alpha": 0.1,
  "rounds": 20,
  "round_accuracy": [
    0.7562662621628189,
    0.7949190521158507,
    0.7966654231489243,
    0.7966256003283461,
    0.8024065582824521,
    0.8044350442755274,
    0.7912775979927479,
    0.798411238962708,
    0.7986623699277615,
    0.80225426482346,
    0.8011890167404857,
    0.7958200447727904,
    0.7904736698962853,
    0.7915722040982397,
    0.7821324757063677,
    0.78185469792859,
    0.783594406302474,
    0.7998046750647446,
    0.7992354545168121,
    0.7953654860487454
  ],
  "final_accuracy": 0.7953654860487454,
  "client_accuracies": [
    0.825,
    0.85,
    0.8306188925081434,
    0.67,
    0.8075,
    0.9459459459459459,
    0.75,
    0.6388888888888888,
    0.7932011331444759,
    0.8425
  ],
  "mean_client_accuracy": 0.7953654860487454,
  "worst_client_accuracy": 0.6388888888888888,
  "total_bytes_sent": 1241520,
  "total_bytes_received": 21371052,
  "partition_fingerprint": "5c60285ed8c946f3ac30150b5300d114736a0adff756c193c0a053b0f7d6b934"
}