{
  "method": "SCAFFOLD",
  "seed": 456,
  "mean_accuracy": 0.1441730769230769,
  "worst_accuracy": 0.0,
  "std_across_clients": 0.25066929713004077,
  "client_accuracies": {
    "0": 0.755,
    "1": 0.0325,
    "2": 0.0,
    "3": 0.0025,
    "4": 0.03,
    "5": 0.5,
    "6": 0.11923076923076924,
    "7": 0.0,
    "8": 0.0025,
    "9": 0.0
  },
  "partition_fingerprint": "5a1a09f7b72cb5bb0bcb2956879a29e559ad46b194615397903f969c18081a18",
  "per_round": [
    {
      "round": 1,
      "global_metrics": {
        "mean_client_accuracy": 0.20278846153846156,
        "worst_client_accuracy": 0.0,
        "p10_client_accuracy": 0.0,
        "client_accuracies": {
          "0": 0.11,
          "1": 0.005,
          "2": 0.0575,
          "3": 0.1625,
          "4": 0.1575,
          "5": 0.0,
          "6": 0.4153846153846154,
          "7": 0.0,
          "8": 0.2375,
          "9": 0.8825
        }
      },
      "communication": {
        "round_client_to_server_bytes": 24730000,
        "round_server_to_client_bytes": 24730000,
        "round_total_bytes": 49460000
      }
    },
    {
      "round": 2,
      "global_metrics": {
        "mean_client_accuracy": 0.14866666666666667,
        "worst_client_accuracy": 0.0,
        "p10_client_accuracy": 0.0,
        "client_accuracies": {
          "0": 0.0225,
          "1": 0.0,
          "2": 0.0,
          "3": 0.0,
          "4": 0.545,
          "5": 0.25,
          "6": 0.0,
          "7": 0.6666666666666666,
          "8": 0.0025,
          "9": 0.0
        }
      },
      "communication": {
        "round_client_to_server_bytes": 24730000,
        "round_server_to_client_bytes": 24730000,
        "round_total_bytes": 49460000
      }
    },
    {
      "round": 3,
      "global_metrics": {
        "mean_client_accuracy": 0.12203846153846154,
        "worst_client_accuracy": 0.0,
        "p10_client_accuracy": 0.0,
        "client_accuracies": {
          "0": 0.005,
          "1": 0.0,
          "2": 0.0,
          "3": 0.13,
          "4": 0.0,
          "5": 0.0,
          "6": 0.015384615384615385,
          "7": 0.0,
          "8": 0.135,
          "9": 0.935
        }
      },
      "communication": {
        "round_client_to_server_bytes": 24730000,
        "round_server_to_client_bytes": 24730000,
        "round_total_bytes": 49460000
      }
    },
    {
      "round": 4,
      "global_metrics": {
        "mean_client_accuracy": 0.14855769230769228,
        "worst_client_accuracy": 0.0,
        "p10_client_accuracy": 0.0,
        "client_accuracies": {
          "0": 0.82,
          "1": 0.035,
          "2": 0.0,
          "3": 0.0025,
          "4": 0.0025,
          "5": 0.5,
          "6": 0.12307692307692308,
          "7": 0.0,
          "8": 0.0025,
          "9": 0.0
        }
      },
      "communication": {
        "round_client_to_server_bytes": 24730000,
        "round_server_to_client_bytes": 24730000,
        "round_total_bytes": 49460000
      }
    },
    {
      "round": 5,
      "global_metrics": {
        "mean_client_accuracy": 0.14866666666666667,
        "worst_client_accuracy": 0.0,
        "p10_client_accuracy": 0.0,
        "client_accuracies": {
          "0": 0.0225,
          "1": 0.0,
          "2": 0.0,
          "3": 0.0,
          "4": 0.545,
          "5": 0.25,
          "6": 0.0,
          "7": 0.6666666666666666,
          "8": 0.0025,
          "9": 0.0
        }
      },
      "communication": {
        "round_client_to_server_bytes": 24730000,
        "round_server_to_client_bytes": 24730000,
        "round_total_bytes": 49460000
      }
    },
    {
      "round": 6,
      "global_metrics": {
        "mean_client_accuracy": 0.14866666666666667,
        "worst_client_accuracy": 0.0,
        "p10_client_accuracy": 0.0,
        "client_accuracies": {
          "0": 0.0225,
          "1": 0.0,
          "2": 0.0,
          "3": 0.0,
          "4": 0.545,
          "5": 0.25,
          "6": 0.0,
          "7": 0.6666666666666666,
          "8": 0.0025,
          "9": 0.0
        }
      },
      "communication": {
        "round_client_to_server_bytes": 24730000,
        "round_server_to_client_bytes": 24730000,
        "round_total_bytes": 49460000
      }
    },
    {
      "round": 7,
      "global_metrics": {
        "mean_client_accuracy": 0.14905769230769228,
        "worst_client_accuracy": 0.0,
        "p10_client_accuracy": 0.0,
        "client_accuracies": {
          "0": 0.825,
          "1": 0.035,
          "2": 0.0,
          "3": 0.0025,
          "4": 0.0025,
          "5": 0.5,
          "6": 0.12307692307692308,
          "7": 0.0,
          "8": 0.0025,
          "9": 0.0
        }
      },
      "communication": {
        "round_client_to_server_bytes": 24730000,
        "round_server_to_client_bytes": 24730000,
        "round_total_bytes": 49460000
      }
    },
    {
      "round": 8,
      "global_metrics": {
        "mean_client_accuracy": 0.14905769230769228,
        "worst_client_accuracy": 0.0,
        "p10_client_accuracy": 0.0,
        "client_accuracies": {
          "0": 0.825,
          "1": 0.035,
          "2": 0.0,
          "3": 0.0025,
          "4": 0.0025,
          "5": 0.5,
          "6": 0.12307692307692308,
          "7": 0.0,
          "8": 0.0025,
          "9": 0.0
        }
      },
      "communication": {
        "round_client_to_server_bytes": 24730000,
        "round_server_to_client_bytes": 24730000,
        "round_total_bytes": 49460000
      }
    },
    {
      "round": 9,
      "global_metrics": {
        "mean_client_accuracy": 0.14866666666666667,
        "worst_client_accuracy": 0.0,
        "p10_client_accuracy": 0.0,
        "client_accuracies": {
          "0": 0.0225,
          "1": 0.0,
          "2": 0.0,
          "3": 0.0,
          "4": 0.545,
          "5": 0.25,
          "6": 0.0,
          "7": 0.6666666666666666,
          "8": 0.0025,
          "9": 0.0
        }
      },
      "communication": {
        "round_client_to_server_bytes": 24730000,
        "round_server_to_client_bytes": 24730000,
        "round_total_bytes": 49460000
      }
    },
    {
      "round": 10,
      "global_metrics": {
        "mean_client_accuracy": 0.14866666666666667,
        "worst_client_accuracy": 0.0,
        "p10_client_accuracy": 0.0,
        "client_accuracies": {
          "0": 0.0225,
          "1": 0.0,
          "2": 0.0,
          "3": 0.0,
          "4": 0.545,
          "5": 0.25,
          "6": 0.0,
          "7": 0.6666666666666666,
          "8": 0.0025,
          "9": 0.0
        }
      },
      "communication": {
        "round_client_to_server_bytes": 24730000,
        "round_server_to_client_bytes": 24730000,
        "round_total_bytes": 49460000
      }
    },
    {
      "round": 11,
      "global_metrics": {
        "mean_client_accuracy": 0.14905769230769228,
        "worst_client_accuracy": 0.0,
        "p10_client_accuracy": 0.0,
        "client_accuracies": {
          "0": 0.825,
          "1": 0.035,
          "2": 0.0,
          "3": 0.0025,
          "4": 0.0025,
          "5": 0.5,
          "6": 0.12307692307692308,
          "7": 0.0,
          "8": 0.0025,
          "9": 0.0
        }
      },
      "communication": {
        "round_client_to_server_bytes": 24730000,
        "round_server_to_client_bytes": 24730000,
        "round_total_bytes": 49460000
      }
    },
    {
      "round": 12,
      "global_metrics": {
        "mean_client_accuracy": 0.14905769230769228,
        "worst_client_accuracy": 0.0,
        "p10_client_accuracy": 0.0,
        "client_accuracies": {
          "0": 0.825,
          "1": 0.035,
          "2": 0.0,
          "3": 0.0025,
          "4": 0.0025,
          "5": 0.5,
          "6": 0.12307692307692308,
          "7": 0.0,
          "8": 0.0025,
          "9": 0.0
        }
      },
      "communication": {
        "round_client_to_server_bytes": 24730000,
        "round_server_to_client_bytes": 24730000,