{
  "method": "SCAFFOLD",
  "seed": 456,
  "mean_accuracy": 0.32650000000000007,
  "worst_accuracy": 0.225,
  "std_across_clients": 0.05870689908349785,
  "client_accuracies": {
    "0": 0.385,
    "1": 0.4075,
    "2": 0.4,
    "3": 0.3225,
    "4": 0.3225,
    "5": 0.225,
    "6": 0.3225,
    "7": 0.2475,
    "8": 0.35,
    "9": 0.2825
  },
  "partition_fingerprint": "fcad07ff840ae5ce4ad3d60c5972e236361485066b372804fa11c48a3d841302",
  "per_round": [
    {
      "round": 1,
      "global_metrics": {
        "mean_client_accuracy": 0.28575,
        "worst_client_accuracy": 0.1725,
        "p10_client_accuracy": 0.19725,
        "client_accuracies": {
          "0": 0.2025,
          "1": 0.3775,
          "2": 0.26,
          "3": 0.3275,
          "4": 0.4375,
          "5": 0.1725,
          "6": 0.2,
          "7": 0.22,
          "8": 0.37,
          "9": 0.29
        }
      },
      "communication": {
        "round_client_to_server_bytes": 24730000,
        "round_server_to_client_bytes": 24730000,
        "round_total_bytes": 49460000
      }
    },
    {
      "round": 2,
      "global_metrics": {
        "mean_client_accuracy": 0.0915,
        "worst_client_accuracy": 0.0075,
        "p10_client_accuracy": 0.014249999999999999,
        "client_accuracies": {
          "0": 0.0375,
          "1": 0.085,
          "2": 0.0375,
          "3": 0.015,
          "4": 0.015,
          "5": 0.0075,
          "6": 0.1075,
          "7": 0.2625,
          "8": 0.215,
          "9": 0.1325
        }
      },
      "communication": {
        "round_client_to_server_bytes": 24730000,
        "round_server_to_client_bytes": 24730000,
        "round_total_bytes": 49460000
      }
    },
    {
      "round": 3,
      "global_metrics": {
        "mean_client_accuracy": 0.20925,
        "worst_client_accuracy": 0.08,
        "p10_client_accuracy": 0.1025,
        "client_accuracies": {
          "0": 0.115,
          "1": 0.3925,
          "2": 0.1925,
          "3": 0.2725,
          "4": 0.305,
          "5": 0.08,
          "6": 0.105,
          "7": 0.12,
          "8": 0.2825,
          "9": 0.2275
        }
      },
      "communication": {
        "round_client_to_server_bytes": 24730000,
        "round_server_to_client_bytes": 24730000,
        "round_total_bytes": 49460000
      }
    },
    {
      "round": 4,
      "global_metrics": {
        "mean_client_accuracy": 0.2925,
        "worst_client_accuracy": 0.2075,
        "p10_client_accuracy": 0.21875,
        "client_accuracies": {
          "0": 0.2525,
          "1": 0.43,
          "2": 0.2575,
          "3": 0.3175,
          "4": 0.415,
          "5": 0.22,
          "6": 0.2625,
          "7": 0.2075,
          "8": 0.3,
          "9": 0.2625
        }
      },
      "communication": {
        "round_client_to_server_bytes": 24730000,
        "round_server_to_client_bytes": 24730000,
        "round_total_bytes": 49460000
      }
    },
    {
      "round": 5,
      "global_metrics": {
        "mean_client_accuracy": 0.298,
        "worst_client_accuracy": 0.2275,
        "p10_client_accuracy": 0.2545,
        "client_accuracies": {
          "0": 0.3525,
          "1": 0.2575,
          "2": 0.2275,
          "3": 0.265,
          "4": 0.36,
          "5": 0.3175,
          "6": 0.3475,
          "7": 0.2875,
          "8": 0.2775,
          "9": 0.2875
        }
      },
      "communication": {
        "round_client_to_server_bytes": 24730000,
        "round_server_to_client_bytes": 24730000,
        "round_total_bytes": 49460000
      }
    },
    {
      "round": 6,
      "global_metrics": {
        "mean_client_accuracy": 0.2835,
        "worst_client_accuracy": 0.1925,
        "p10_client_accuracy": 0.19475,
        "client_accuracies": {
          "0": 0.2425,
          "1": 0.3525,
          "2": 0.2725,
          "3": 0.32,
          "4": 0.4125,
          "5": 0.1925,
          "6": 0.195,
          "7": 0.225,
          "8": 0.3425,
          "9": 0.28
        }
      },
      "communication": {
        "round_client_to_server_bytes": 24730000,
        "round_server_to_client_bytes": 24730000,
        "round_total_bytes": 49460000
      }
    },
    {
      "round": 7,
      "global_metrics": {
        "mean_client_accuracy": 0.35725,
        "worst_client_accuracy": 0.3075,
        "p10_client_accuracy": 0.30975,
        "client_accuracies": {
          "0": 0.345,
          "1": 0.4625,
          "2": 0.3175,
          "3": 0.335,
          "4": 0.4575,
          "5": 0.3225,
          "6": 0.3075,
          "7": 0.31,
          "8": 0.3675,
          "9": 0.3475
        }
      },
      "communication": {
        "round_client_to_server_bytes": 24730000,
        "round_server_to_client_bytes": 24730000,
        "round_total_bytes": 49460000
      }
    },
    {
      "round": 8,
      "global_metrics": {
        "mean_client_accuracy": 0.39,
        "worst_client_accuracy": 0.345,
        "p10_client_accuracy": 0.354,
        "client_accuracies": {
          "0": 0.4225,
          "1": 0.455,
          "2": 0.3575,
          "3": 0.345,
          "4": 0.4225,
          "5": 0.395,
          "6": 0.3775,
          "7": 0.355,
          "8": 0.395,
          "9": 0.375
        }
      },
      "communication": {
        "round_client_to_server_bytes": 24730000,
        "round_server_to_client_bytes": 24730000,
        "round_total_bytes": 49460000
      }
    },
    {
      "round": 9,
      "global_metrics": {
        "mean_client_accuracy": 0.39375000000000004,
        "worst_client_accuracy": 0.33,
        "p10_client_accuracy": 0.34575,
        "client_accuracies": {
          "0": 0.4625,
          "1": 0.485,
          "2": 0.3725,
          "3": 0.35,
          "4": 0.4075,
          "5": 0.3875,
          "6": 0.33,
          "7": 0.3475,
          "8": 0.405,
          "9": 0.39
        }
      },
      "communication": {
        "round_client_to_server_bytes": 24730000,
        "round_server_to_client_bytes": 24730000,
        "round_total_bytes": 49460000
      }
    },
    {
      "round": 10,
      "global_metrics": {
        "mean_client_accuracy": 0.4065,
        "worst_client_accuracy": 0.3475,
        "p10_client_accuracy": 0.3745,
        "client_accuracies": {
          "0": 0.4625,
          "1": 0.4575,
          "2": 0.3775,
          "3": 0.3475,
          "4": 0.415,
          "5": 0.415,
          "6": 0.3975,
          "7": 0.3875,
          "8": 0.415,
          "9": 0.39
        }
      },
      "communication": {
        "round_client_to_server_bytes": 24730000,
        "round_server_to_client_bytes": 24730000,
        "round_total_bytes": 49460000
      }
    },
    {
      "round": 11,
      "global_metrics": {
        "mean_client_accuracy": 0.41050000000000003,
        "worst_client_accuracy": 0.36,
        "p10_client_accuracy": 0.378,
        "client_accuracies": {
          "0": 0.4475,
          "1": 0.51,
          "2": 0.36,
          "3": 0.38,
          "4": 0.3875,
          "5": 0.4125,
          "6": 0.38,
          "7": 0.385,
          "8": 0.4425,
          "9": 0.4
        }
      },
      "communication": {
        "round_client_to_server_bytes": 24730000,
        "round_server_to_client_bytes": 24730000,
        "round_total_bytes": 49460000
      }
    },
    {
      "round": 12,
      "global_metrics": {
        "mean_client_accuracy": 0.409,
        "worst_client_accuracy": 0.3625,
        "p10_client_accuracy": 0.37825000000000003,
        "client_accuracies": {
          "0": 0.4275,
          "1": 0.4825,
          "2": 0.395,
          "3": 0.3625,
          "4": 0.4325,
          "5": 0.3825,
          "6": 0.39,
          "7": 0.38,
          "8": 0.445,
          "9": 0.3925
        }
      },
      "communication": {
        "round_client_to_server_bytes": 24730000,
        "round_server_to_client_bytes": 24730000,
        "round_total_bytes": 49460000
      }
    },
    {
      "round": 13,