{
  "method": "SCAFFOLD",
  "seed": 42,
  "mean_accuracy": 0.1428038435035602,
  "worst_accuracy": 0.0,
  "std_across_clients": 0.26372421551742087,
  "client_accuracies": {
    "0": 0.0,
    "1": 0.19,
    "2": 0.0,
    "3": 0.0075,
    "4": 0.0,
    "5": 0.8783783783783784,
    "6": 0.3,
    "7": 0.0,
    "8": 0.039660056657223795,
    "9": 0.0125
  },
  "partition_fingerprint": "5c60285ed8c946f3ac30150b5300d114736a0adff756c193c0a053b0f7d6b934",
  "per_round": [
    {
      "round": 1,
      "global_metrics": {
        "mean_client_accuracy": 0.2411771134709836,
        "worst_client_accuracy": 0.0,
        "p10_client_accuracy": 0.012162162162162163,
        "client_accuracies": {
          "0": 0.055,
          "1": 0.1875,
          "2": 0.23452768729641693,
          "3": 0.03,
          "4": 0.0,
          "5": 0.013513513513513514,
          "6": 0.37,
          "7": 0.5833333333333334,
          "8": 0.6203966005665722,
          "9": 0.3175
        }
      },
      "communication": {
        "round_client_to_server_bytes": 24730000,
        "round_server_to_client_bytes": 24730000,
        "round_total_bytes": 49460000
      }
    },
    {
      "round": 2,
      "global_metrics": {
        "mean_client_accuracy": 0.14782610443304495,
        "worst_client_accuracy": 0.0,
        "p10_client_accuracy": 0.0,
        "client_accuracies": {
          "0": 0.0,
          "1": 0.2025,
          "2": 0.0,
          "3": 0.0,
          "4": 0.0,
          "5": 0.9324324324324325,
          "6": 0.315,
          "7": 0.0,
          "8": 0.028328611898016998,
          "9": 0.0
        }
      },
      "communication": {
        "round_client_to_server_bytes": 24730000,
        "round_server_to_client_bytes": 24730000,
        "round_total_bytes": 49460000
      }
    },
    {
      "round": 3,
      "global_metrics": {
        "mean_client_accuracy": 0.09729957507082153,
        "worst_client_accuracy": 0.0,
        "p10_client_accuracy": 0.0,
        "client_accuracies": {
          "0": 0.0,
          "1": 0.7125,
          "2": 0.0,
          "3": 0.0,
          "4": 0.0,
          "5": 0.0,
          "6": 0.13,
          "7": 0.0,
          "8": 0.025495750708215296,
          "9": 0.105
        }
      },
      "communication": {
        "round_client_to_server_bytes": 24730000,
        "round_server_to_client_bytes": 24730000,
        "round_total_bytes": 49460000
      }
    },
    {
      "round": 4,
      "global_metrics": {
        "mean_client_accuracy": 0.14782610443304495,
        "worst_client_accuracy": 0.0,
        "p10_client_accuracy": 0.0,
        "client_accuracies": {
          "0": 0.0,
          "1": 0.2025,
          "2": 0.0,
          "3": 0.0,
          "4": 0.0,
          "5": 0.9324324324324325,
          "6": 0.315,
          "7": 0.0,
          "8": 0.028328611898016998,
          "9": 0.0
        }
      },
      "communication": {
        "round_client_to_server_bytes": 24730000,
        "round_server_to_client_bytes": 24730000,
        "round_total_bytes": 49460000
      }
    },
    {
      "round": 5,
      "global_metrics": {
        "mean_client_accuracy": 0.14782610443304495,
        "worst_client_accuracy": 0.0,
        "p10_client_accuracy": 0.0,
        "client_accuracies": {
          "0": 0.0,
          "1": 0.2025,
          "2": 0.0,
          "3": 0.0,
          "4": 0.0,
          "5": 0.9324324324324325,
          "6": 0.315,
          "7": 0.0,
          "8": 0.028328611898016998,
          "9": 0.0
        }
      },
      "communication": {
        "round_client_to_server_bytes": 24730000,
        "round_server_to_client_bytes": 24730000,
        "round_total_bytes": 49460000
      }
    },
    {
      "round": 6,
      "global_metrics": {
        "mean_client_accuracy": 0.1319964989096099,
        "worst_client_accuracy": 0.0,
        "p10_client_accuracy": 0.0,
        "client_accuracies": {
          "0": 0.0325,
          "1": 0.0,
          "2": 0.26384364820846906,
          "3": 0.0175,
          "4": 0.0,
          "5": 0.0,
          "6": 0.315,
          "7": 0.4166666666666667,
          "8": 0.2719546742209632,
          "9": 0.0025
        }
      },
      "communication": {
        "round_client_to_server_bytes": 24730000,
        "round_server_to_client_bytes": 24730000,
        "round_total_bytes": 49460000
      }
    },
    {
      "round": 7,
      "global_metrics": {
        "mean_client_accuracy": 0.1319964989096099,
        "worst_client_accuracy": 0.0,
        "p10_client_accuracy": 0.0,
        "client_accuracies": {
          "0": 0.0325,
          "1": 0.0,
          "2": 0.26384364820846906,
          "3": 0.0175,
          "4": 0.0,
          "5": 0.0,
          "6": 0.315,
          "7": 0.4166666666666667,
          "8": 0.2719546742209632,
          "9": 0.0025
        }
      },
      "communication": {
        "round_client_to_server_bytes": 24730000,
        "round_server_to_client_bytes": 24730000,
        "round_total_bytes": 49460000
      }
    },
    {
      "round": 8,
      "global_metrics": {
        "mean_client_accuracy": 0.14782610443304495,
        "worst_client_accuracy": 0.0,
        "p10_client_accuracy": 0.0,
        "client_accuracies": {
          "0": 0.0,
          "1": 0.2025,
          "2": 0.0,
          "3": 0.0,
          "4": 0.0,
          "5": 0.9324324324324325,
          "6": 0.315,
          "7": 0.0,
          "8": 0.028328611898016998,
          "9": 0.0
        }
      },
      "communication": {
        "round_client_to_server_bytes": 24730000,
        "round_server_to_client_bytes": 24730000,
        "round_total_bytes": 49460000
      }
    },
    {
      "round": 9,
      "global_metrics": {
        "mean_client_accuracy": 0.1319964989096099,
        "worst_client_accuracy": 0.0,
        "p10_client_accuracy": 0.0,
        "client_accuracies": {
          "0": 0.0325,
          "1": 0.0,
          "2": 0.26384364820846906,
          "3": 0.0175,
          "4": 0.0,
          "5": 0.0,
          "6": 0.315,
          "7": 0.4166666666666667,
          "8": 0.2719546742209632,
          "9": 0.0025
        }
      },
      "communication": {
        "round_client_to_server_bytes": 24730000,
        "round_server_to_client_bytes": 24730000,
        "round_total_bytes": 49460000
      }
    },
    {
      "round": 10,
      "global_metrics": {
        "mean_client_accuracy": 0.1319964989096099,
        "worst_client_accuracy": 0.0,
        "p10_client_accuracy": 0.0,
        "client_accuracies": {
          "0": 0.0325,
          "1": 0.0,
          "2": 0.26384364820846906,
          "3": 0.0175,
          "4": 0.0,
          "5": 0.0,
          "6": 0.315,
          "7": 0.4166666666666667,
          "8": 0.2719546742209632,
          "9": 0.0025
        }
      },
      "communication": {
        "round_client_to_server_bytes": 24730000,
        "round_server_to_client_bytes": 24730000,
        "round_total_bytes": 49460000
      }
    },
    {
      "round": 11,
      "global_metrics": {
        "mean_client_accuracy": 0.14782610443304495,
        "worst_client_accuracy": 0.0,
        "p10_client_accuracy": 0.0,
        "client_accuracies": {
          "0": 0.0,
          "1": 0.2025,
          "2": 0.0,
          "3": 0.0,
          "4": 0.0,
          "5": 0.9324324324324325,
          "6": 0.315,
          "7": 0.0,
          "8": 0.028328611898016998,
          "9": 0.0
        }
      },
      "communication": {
        "round_client_to_server_bytes": 24730000,
        "round_server_to_client_bytes": 24730000,
        "round_total_bytes": 49460000
      }
    },
    {
      "round": 12,
      "global_metrics": {
        "mean_client_accuracy": 0.14782610443304495,
        "worst_client_accuracy": 0.0,
        "p10_client_accuracy": 0.0,
        "client_accuracies": {
          "0": 0.0,
          "1": 0.2025,
          "2": 0.0,
          "3": 0.0,
          "4": 0.0,
          "5": 0.9324324324324325,