{
  "method": "SCAFFOLD",
  "seed": 123,
  "mean_accuracy": 0.10869776119402985,
  "worst_accuracy": 0.0,
  "std_across_clients": 0.25742206712347954,
  "client_accuracies": {
    "0": 0.0,
    "1": 0.0,
    "2": 0.225,
    "3": 0.0075,
    "4": 0.0,
    "5": 0.8544776119402985,
    "6": 0.0,
    "7": 0.0,
    "8": 0.0,
    "9": 0.0
  },
  "partition_fingerprint": "70b44aebf35fc67b55f254cebccf302fc3e4cf8c2194dc6e71c9570d3c1499b3",
  "per_round": [
    {
      "round": 1,
      "global_metrics": {
        "mean_client_accuracy": 0.2743848668061907,
        "worst_client_accuracy": 0.0,
        "p10_client_accuracy": 0.0,
        "client_accuracies": {
          "0": 0.6625,
          "1": 0.37,
          "2": 0.0,
          "3": 0.6275,
          "4": 0.08,
          "5": 0.0,
          "6": 0.09278350515463918,
          "7": 0.42606516290726815,
          "8": 0.205,
          "9": 0.28
        }
      },
      "communication": {
        "round_client_to_server_bytes": 24730000,
        "round_server_to_client_bytes": 24730000,
        "round_total_bytes": 49460000
      }
    },
    {
      "round": 2,
      "global_metrics": {
        "mean_client_accuracy": 0.13174742268041237,
        "worst_client_accuracy": 0.0,
        "p10_client_accuracy": 0.0,
        "client_accuracies": {
          "0": 0.0,
          "1": 0.435,
          "2": 0.0,
          "3": 0.2175,
          "4": 0.0,
          "5": 0.0,
          "6": 0.08247422680412371,
          "7": 0.0,
          "8": 0.0,
          "9": 0.5825
        }
      },
      "communication": {
        "round_client_to_server_bytes": 24730000,
        "round_server_to_client_bytes": 24730000,
        "round_total_bytes": 49460000
      }
    },
    {
      "round": 3,
      "global_metrics": {
        "mean_client_accuracy": 0.12275563909774437,
        "worst_client_accuracy": 0.0,
        "p10_client_accuracy": 0.0,
        "client_accuracies": {
          "0": 0.1275,
          "1": 0.3575,
          "2": 0.0,
          "3": 0.515,
          "4": 0.0,
          "5": 0.0,
          "6": 0.0,
          "7": 0.022556390977443608,
          "8": 0.095,
          "9": 0.11
        }
      },
      "communication": {
        "round_client_to_server_bytes": 24730000,
        "round_server_to_client_bytes": 24730000,
        "round_total_bytes": 49460000
      }
    },
    {
      "round": 4,
      "global_metrics": {
        "mean_client_accuracy": 0.13775877192982458,
        "worst_client_accuracy": 0.0,
        "p10_client_accuracy": 0.0,
        "client_accuracies": {
          "0": 0.22,
          "1": 0.3475,
          "2": 0.0,
          "3": 0.545,
          "4": 0.0025,
          "5": 0.0,
          "6": 0.0,
          "7": 0.03508771929824561,
          "8": 0.11,
          "9": 0.1175
        }
      },
      "communication": {
        "round_client_to_server_bytes": 24730000,
        "round_server_to_client_bytes": 24730000,
        "round_total_bytes": 49460000
      }
    },
    {
      "round": 5,
      "global_metrics": {
        "mean_client_accuracy": 0.09862424988459763,
        "worst_client_accuracy": 0.0,
        "p10_client_accuracy": 0.0,
        "client_accuracies": {
          "0": 0.0,
          "1": 0.0,
          "2": 0.315,
          "3": 0.0675,
          "4": 0.0225,
          "5": 0.029850746268656716,
          "6": 0.5463917525773195,
          "7": 0.0,
          "8": 0.0,
          "9": 0.005
        }
      },
      "communication": {
        "round_client_to_server_bytes": 24730000,
        "round_server_to_client_bytes": 24730000,
        "round_total_bytes": 49460000
      }
    },
    {
      "round": 6,
      "global_metrics": {
        "mean_client_accuracy": 0.09862424988459763,
        "worst_client_accuracy": 0.0,
        "p10_client_accuracy": 0.0,
        "client_accuracies": {
          "0": 0.0,
          "1": 0.0,
          "2": 0.315,
          "3": 0.0675,
          "4": 0.0225,
          "5": 0.029850746268656716,
          "6": 0.5463917525773195,
          "7": 0.0,
          "8": 0.0,
          "9": 0.005
        }
      },
      "communication": {
        "round_client_to_server_bytes": 24730000,
        "round_server_to_client_bytes": 24730000,
        "round_total_bytes": 49460000
      }
    },
    {
      "round": 7,
      "global_metrics": {
        "mean_client_accuracy": 0.09862424988459763,
        "worst_client_accuracy": 0.0,
        "p10_client_accuracy": 0.0,
        "client_accuracies": {
          "0": 0.0,
          "1": 0.0,
          "2": 0.315,
          "3": 0.0675,
          "4": 0.0225,
          "5": 0.029850746268656716,
          "6": 0.5463917525773195,
          "7": 0.0,
          "8": 0.0,
          "9": 0.005
        }
      },
      "communication": {
        "round_client_to_server_bytes": 24730000,
        "round_server_to_client_bytes": 24730000,
        "round_total_bytes": 49460000
      }
    },
    {
      "round": 8,
      "global_metrics": {
        "mean_client_accuracy": 0.09862424988459763,
        "worst_client_accuracy": 0.0,
        "p10_client_accuracy": 0.0,
        "client_accuracies": {
          "0": 0.0,
          "1": 0.0,
          "2": 0.315,
          "3": 0.0675,
          "4": 0.0225,
          "5": 0.029850746268656716,
          "6": 0.5463917525773195,
          "7": 0.0,
          "8": 0.0,
          "9": 0.005
        }
      },
      "communication": {
        "round_client_to_server_bytes": 24730000,
        "round_server_to_client_bytes": 24730000,
        "round_total_bytes": 49460000
      }
    },
    {
      "round": 9,
      "global_metrics": {
        "mean_client_accuracy": 0.09862424988459763,
        "worst_client_accuracy": 0.0,
        "p10_client_accuracy": 0.0,
        "client_accuracies": {
          "0": 0.0,
          "1": 0.0,
          "2": 0.315,
          "3": 0.0675,
          "4": 0.0225,
          "5": 0.029850746268656716,
          "6": 0.5463917525773195,
          "7": 0.0,
          "8": 0.0,
          "9": 0.005
        }
      },
      "communication": {
        "round_client_to_server_bytes": 24730000,
        "round_server_to_client_bytes": 24730000,
        "round_total_bytes": 49460000
      }
    },
    {
      "round": 10,
      "global_metrics": {
        "mean_client_accuracy": 0.09862424988459763,
        "worst_client_accuracy": 0.0,
        "p10_client_accuracy": 0.0,
        "client_accuracies": {
          "0": 0.0,
          "1": 0.0,
          "2": 0.315,
          "3": 0.0675,
          "4": 0.0225,
          "5": 0.029850746268656716,
          "6": 0.5463917525773195,
          "7": 0.0,
          "8": 0.0,
          "9": 0.005
        }
      },
      "communication": {
        "round_client_to_server_bytes": 24730000,
        "round_server_to_client_bytes": 24730000,
        "round_total_bytes": 49460000
      }
    },
    {
      "round": 11,
      "global_metrics": {
        "mean_client_accuracy": 0.11653412063394367,
        "worst_client_accuracy": 0.0,
        "p10_client_accuracy": 0.0,
        "client_accuracies": {
          "0": 0.0,
          "1": 0.0,
          "2": 0.3525,
          "3": 0.0675,
          "4": 0.0225,
          "5": 0.2126865671641791,
          "6": 0.5051546391752577,
          "7": 0.0,
          "8": 0.0,
          "9": 0.005
        }
      },
      "communication": {
        "round_client_to_server_bytes": 24730000,
        "round_server_to_client_bytes": 24730000,
        "round_total_bytes": 49460000
      }
    },
    {
      "round": 12,
      "global_metrics": {
        "mean_client_accuracy": 0.09862424988459763,
        "worst_client_accuracy": 0.0,
        "p10_client_accuracy": 0.0,
        "client_accuracies": {
          "0": 0.0,
          "1": 0.0,
          "2": 0.315,
          "3": 0.0675,
          "4": 0.0225,
          "5": 0.029850746268656716,
          "6": 0.5463917525773195,
          "7": 0.0,
          "8": 0.0,
          "9": 0.005
        }
      },