{
  "method": "SCAFFOLD",
  "seed": 42,
  "mean_accuracy": 0.1319964989096099,
  "worst_accuracy": 0.0,
  "std_across_clients": 0.15605989856390054,
  "client_accuracies": {
    "0": 0.0325,
    "1": 0.0,
    "2": 0.26384364820846906,
    "3": 0.0175,
    "4": 0.0,
    "5": 0.0,
    "6": 0.315,
    "7": 0.4166666666666667,
    "8": 0.2719546742209632,
    "9": 0.0025
  },
  "partition_fingerprint": "5c60285ed8c946f3ac30150b5300d114736a0adff756c193c0a053b0f7d6b934",
  "per_round": [
    {
      "round": 1,
      "global_metrics": {
        "mean_client_accuracy": 0.22821069538455413,
        "worst_client_accuracy": 0.0,
        "p10_client_accuracy": 0.012162162162162163,
        "client_accuracies": {
          "0": 0.06,
          "1": 0.0375,
          "2": 0.2247557003257329,
          "3": 0.04,
          "4": 0.0,
          "5": 0.013513513513513514,
          "6": 0.3475,
          "7": 0.6111111111111112,
          "8": 0.6402266288951841,
          "9": 0.3075
        }
      },
      "communication": {
        "round_client_to_server_bytes": 24730000,
        "round_server_to_client_bytes": 24730000,
        "round_total_bytes": 49460000
      }
    },
    {
      "round": 2,
      "global_metrics": {
        "mean_client_accuracy": 0.14782610443304495,
        "worst_client_accuracy": 0.0,
        "p10_client_accuracy": 0.0,
        "client_accuracies": {
          "0": 0.0,
          "1": 0.2025,
          "2": 0.0,
          "3": 0.0,
          "4": 0.0,
          "5": 0.9324324324324325,
          "6": 0.315,
          "7": 0.0,
          "8": 0.028328611898016998,
          "9": 0.0
        }
      },
      "communication": {
        "round_client_to_server_bytes": 24730000,
        "round_server_to_client_bytes": 24730000,
        "round_total_bytes": 49460000
      }
    },
    {
      "round": 3,
      "global_metrics": {
        "mean_client_accuracy": 0.09729957507082153,
        "worst_client_accuracy": 0.0,
        "p10_client_accuracy": 0.0,
        "client_accuracies": {
          "0": 0.0,
          "1": 0.7125,
          "2": 0.0,
          "3": 0.0,
          "4": 0.0,
          "5": 0.0,
          "6": 0.13,
          "7": 0.0,
          "8": 0.025495750708215296,
          "9": 0.105
        }
      },
      "communication": {
        "round_client_to_server_bytes": 24730000,
        "round_server_to_client_bytes": 24730000,
        "round_total_bytes": 49460000
      }
    },
    {
      "round": 4,
      "global_metrics": {
        "mean_client_accuracy": 0.14782610443304495,
        "worst_client_accuracy": 0.0,
        "p10_client_accuracy": 0.0,
        "client_accuracies": {
          "0": 0.0,
          "1": 0.2025,
          "2": 0.0,
          "3": 0.0,
          "4": 0.0,
          "5": 0.9324324324324325,
          "6": 0.315,
          "7": 0.0,
          "8": 0.028328611898016998,
          "9": 0.0
        }
      },
      "communication": {
        "round_client_to_server_bytes": 24730000,
        "round_server_to_client_bytes": 24730000,
        "round_total_bytes": 49460000
      }
    },
    {
      "round": 5,
      "global_metrics": {
        "mean_client_accuracy": 0.14782610443304495,
        "worst_client_accuracy": 0.0,
        "p10_client_accuracy": 0.0,
        "client_accuracies": {
          "0": 0.0,
          "1": 0.2025,
          "2": 0.0,
          "3": 0.0,
          "4": 0.0,
          "5": 0.9324324324324325,
          "6": 0.315,
          "7": 0.0,
          "8": 0.028328611898016998,
          "9": 0.0
        }
      },
      "communication": {
        "round_client_to_server_bytes": 24730000,
        "round_server_to_client_bytes": 24730000,
        "round_total_bytes": 49460000
      }
    },
    {
      "round": 6,
      "global_metrics": {
        "mean_client_accuracy": 0.1319964989096099,
        "worst_client_accuracy": 0.0,
        "p10_client_accuracy": 0.0,
        "client_accuracies": {
          "0": 0.0325,
          "1": 0.0,
          "2": 0.26384364820846906,
          "3": 0.0175,
          "4": 0.0,
          "5": 0.0,
          "6": 0.315,
          "7": 0.4166666666666667,
          "8": 0.2719546742209632,
          "9": 0.0025
        }
      },
      "communication": {
        "round_client_to_server_bytes": 24730000,
        "round_server_to_client_bytes": 24730000,
        "round_total_bytes": 49460000
      }
    },
    {
      "round": 7,
      "global_metrics": {
        "mean_client_accuracy": 0.1319964989096099,
        "worst_client_accuracy": 0.0,
        "p10_client_accuracy": 0.0,
        "client_accuracies": {
          "0": 0.0325,
          "1": 0.0,
          "2": 0.26384364820846906,
          "3": 0.0175,
          "4": 0.0,
          "5": 0.0,
          "6": 0.315,
          "7": 0.4166666666666667,
          "8": 0.2719546742209632,
          "9": 0.0025
        }
      },
      "communication": {
        "round_client_to_server_bytes": 24730000,
        "round_server_to_client_bytes": 24730000,
        "round_total_bytes": 49460000
      }
    },
    {
      "round": 8,
      "global_metrics": {
        "mean_client_accuracy": 0.14782610443304495,
        "worst_client_accuracy": 0.0,
        "p10_client_accuracy": 0.0,
        "client_accuracies": {
          "0": 0.0,
          "1": 0.2025,
          "2": 0.0,
          "3": 0.0,
          "4": 0.0,
          "5": 0.9324324324324325,
          "6": 0.315,
          "7": 0.0,
          "8": 0.028328611898016998,
          "9": 0.0
        }
      },
      "communication": {
        "round_client_to_server_bytes": 24730000,
        "round_server_to_client_bytes": 24730000,
        "round_total_bytes": 49460000
      }
    },
    {
      "round": 9,
      "global_metrics": {
        "mean_client_accuracy": 0.1319964989096099,
        "worst_client_accuracy": 0.0,
        "p10_client_accuracy": 0.0,
        "client_accuracies": {
          "0": 0.0325,
          "1": 0.0,
          "2": 0.26384364820846906,
          "3": 0.0175,
          "4": 0.0,
          "5": 0.0,
          "6": 0.315,
          "7": 0.4166666666666667,
          "8": 0.2719546742209632,
          "9": 0.0025
        }
      },
      "communication": {
        "round_client_to_server_bytes": 24730000,
        "round_server_to_client_bytes": 24730000,
        "round_total_bytes": 49460000
      }
    },
    {
      "round": 10,
      "global_metrics": {
        "mean_client_accuracy": 0.1319964989096099,
        "worst_client_accuracy": 0.0,
        "p10_client_accuracy": 0.0,
        "client_accuracies": {
          "0": 0.0325,
          "1": 0.0,
          "2": 0.26384364820846906,
          "3": 0.0175,
          "4": 0.0,
          "5": 0.0,
          "6": 0.315,
          "7": 0.4166666666666667,
          "8": 0.2719546742209632,
          "9": 0.0025
        }
      },
      "communication": {
        "round_client_to_server_bytes": 24730000,
        "round_server_to_client_bytes": 24730000,
        "round_total_bytes": 49460000
      }
    }
  ],
  "round_debug": [
    {
      "round": 1,
      "mean_accuracy": 0.22821069538455413,
      "c_i_norm": 88.19421311539803,
      "c_norm": 32.34296001388689,
      "gradient_norm": 0.7332199348333932,
      "cos_sim_raw_vs_corrected": 0.9287065770752868
    },
    {
      "round": 2,
      "mean_accuracy": 0.14782610443304495,
      "c_i_norm": 1187.2861335366524,
      "c_norm": 424.81806359233445,
      "gradient_norm": 86.55285195094358,
      "cos_sim_raw_vs_corrected": -0.008575544615842524
    },
    {
      "round": 3,
      "mean_accuracy": 0.09729957507082153,
      "c_i_norm": 614.3531359752335,
      "c_norm": 512.7586305869326,
      "gradient_norm": 1132.1345204836962,
      "cos_sim_raw_vs_corrected": 0.02922692405637886
    },
    {
      "round": 4,
      "mean_accuracy": 0.14782610443304495,
      "c_i_norm": 220.85538339480513,
      "c_norm": 130.0100933018385,
      "gradient_norm": 365.6043696841766,