{
  "method": "SCAFFOLD",
  "seed": 42,
  "mean_accuracy": 0.151,
  "worst_accuracy": 0.025,
  "std_across_clients": 0.07791983059529842,
  "client_accuracies": {
    "0": 0.1475,
    "1": 0.105,
    "2": 0.15,
    "3": 0.08,
    "4": 0.34,
    "5": 0.17,
    "6": 0.025,
    "7": 0.1375,
    "8": 0.1775,
    "9": 0.1775
  },
  "partition_fingerprint": "8df041c8f3151991df3f09f2b9feff900ffa303db96244853699424413325eb4",
  "per_round": [
    {
      "round": 1,
      "global_metrics": {
        "mean_client_accuracy": 0.3335,
        "worst_client_accuracy": 0.195,
        "p10_client_accuracy": 0.22875,
        "client_accuracies": {
          "0": 0.36,
          "1": 0.325,
          "2": 0.2325,
          "3": 0.31,
          "4": 0.4725,
          "5": 0.2575,
          "6": 0.195,
          "7": 0.3975,
          "8": 0.3675,
          "9": 0.4175
        }
      },
      "communication": {
        "round_client_to_server_bytes": 24730000,
        "round_server_to_client_bytes": 24730000,
        "round_total_bytes": 49460000
      }
    },
    {
      "round": 2,
      "global_metrics": {
        "mean_client_accuracy": 0.0935,
        "worst_client_accuracy": 0.005,
        "p10_client_accuracy": 0.005,
        "client_accuracies": {
          "0": 0.005,
          "1": 0.0425,
          "2": 0.0925,
          "3": 0.105,
          "4": 0.0625,
          "5": 0.215,
          "6": 0.385,
          "7": 0.005,
          "8": 0.01,
          "9": 0.0125
        }
      },
      "communication": {
        "round_client_to_server_bytes": 24730000,
        "round_server_to_client_bytes": 24730000,
        "round_total_bytes": 49460000
      }
    },
    {
      "round": 3,
      "global_metrics": {
        "mean_client_accuracy": 0.16924999999999998,
        "worst_client_accuracy": 0.0475,
        "p10_client_accuracy": 0.09475,
        "client_accuracies": {
          "0": 0.1625,
          "1": 0.1,
          "2": 0.1025,
          "3": 0.1275,
          "4": 0.4125,
          "5": 0.1925,
          "6": 0.0475,
          "7": 0.14,
          "8": 0.185,
          "9": 0.2225
        }
      },
      "communication": {
        "round_client_to_server_bytes": 24730000,
        "round_server_to_client_bytes": 24730000,
        "round_total_bytes": 49460000
      }
    },
    {
      "round": 4,
      "global_metrics": {
        "mean_client_accuracy": 0.25075000000000003,
        "worst_client_accuracy": 0.1375,
        "p10_client_accuracy": 0.16,
        "client_accuracies": {
          "0": 0.2725,
          "1": 0.19,
          "2": 0.1375,
          "3": 0.285,
          "4": 0.395,
          "5": 0.1975,
          "6": 0.1625,
          "7": 0.3025,
          "8": 0.215,
          "9": 0.35
        }
      },
      "communication": {
        "round_client_to_server_bytes": 24730000,
        "round_server_to_client_bytes": 24730000,
        "round_total_bytes": 49460000
      }
    },
    {
      "round": 5,
      "global_metrics": {
        "mean_client_accuracy": 0.28325,
        "worst_client_accuracy": 0.1525,
        "p10_client_accuracy": 0.21775,
        "client_accuracies": {
          "0": 0.3025,
          "1": 0.2975,
          "2": 0.1525,
          "3": 0.415,
          "4": 0.2375,
          "5": 0.225,
          "6": 0.45,
          "7": 0.23,
          "8": 0.2775,
          "9": 0.245
        }
      },
      "communication": {
        "round_client_to_server_bytes": 24730000,
        "round_server_to_client_bytes": 24730000,
        "round_total_bytes": 49460000
      }
    },
    {
      "round": 6,
      "global_metrics": {
        "mean_client_accuracy": 0.3175,
        "worst_client_accuracy": 0.1975,
        "p10_client_accuracy": 0.20875,
        "client_accuracies": {
          "0": 0.3325,
          "1": 0.3025,
          "2": 0.21,
          "3": 0.3225,
          "4": 0.4425,
          "5": 0.265,
          "6": 0.1975,
          "7": 0.3625,
          "8": 0.3475,
          "9": 0.3925
        }
      },
      "communication": {
        "round_client_to_server_bytes": 24730000,
        "round_server_to_client_bytes": 24730000,
        "round_total_bytes": 49460000
      }
    },
    {
      "round": 7,
      "global_metrics": {
        "mean_client_accuracy": 0.35375,
        "worst_client_accuracy": 0.2475,
        "p10_client_accuracy": 0.261,
        "client_accuracies": {
          "0": 0.3425,
          "1": 0.4175,
          "2": 0.2625,
          "3": 0.34,
          "4": 0.45,
          "5": 0.28,
          "6": 0.2475,
          "7": 0.405,
          "8": 0.3725,
          "9": 0.42
        }
      },
      "communication": {
        "round_client_to_server_bytes": 24730000,
        "round_server_to_client_bytes": 24730000,
        "round_total_bytes": 49460000
      }
    },
    {
      "round": 8,
      "global_metrics": {
        "mean_client_accuracy": 0.368,
        "worst_client_accuracy": 0.27,
        "p10_client_accuracy": 0.279,
        "client_accuracies": {
          "0": 0.34,
          "1": 0.445,
          "2": 0.28,
          "3": 0.3525,
          "4": 0.4375,
          "5": 0.2925,
          "6": 0.27,
          "7": 0.445,
          "8": 0.3925,
          "9": 0.425
        }
      },
      "communication": {
        "round_client_to_server_bytes": 24730000,
        "round_server_to_client_bytes": 24730000,
        "round_total_bytes": 49460000
      }
    },
    {
      "round": 9,
      "global_metrics": {
        "mean_client_accuracy": 0.37125,
        "worst_client_accuracy": 0.29,
        "p10_client_accuracy": 0.30125,
        "client_accuracies": {
          "0": 0.3325,
          "1": 0.465,
          "2": 0.3025,
          "3": 0.3575,
          "4": 0.435,
          "5": 0.29,
          "6": 0.31,
          "7": 0.435,
          "8": 0.3675,
          "9": 0.4175
        }
      },
      "communication": {
        "round_client_to_server_bytes": 24730000,
        "round_server_to_client_bytes": 24730000,
        "round_total_bytes": 49460000
      }
    },
    {
      "round": 10,
      "global_metrics": {
        "mean_client_accuracy": 0.36225000000000007,
        "worst_client_accuracy": 0.2775,
        "p10_client_accuracy": 0.27975000000000005,
        "client_accuracies": {
          "0": 0.35,
          "1": 0.44,
          "2": 0.2775,
          "3": 0.3575,
          "4": 0.42,
          "5": 0.2875,
          "6": 0.28,
          "7": 0.4475,
          "8": 0.3675,
          "9": 0.395
        }
      },
      "communication": {
        "round_client_to_server_bytes": 24730000,
        "round_server_to_client_bytes": 24730000,
        "round_total_bytes": 49460000
      }
    },
    {
      "round": 11,
      "global_metrics": {
        "mean_client_accuracy": 0.35225,
        "worst_client_accuracy": 0.265,
        "p10_client_accuracy": 0.27625000000000005,
        "client_accuracies": {
          "0": 0.34,
          "1": 0.445,
          "2": 0.2775,
          "3": 0.34,
          "4": 0.395,
          "5": 0.265,
          "6": 0.29,
          "7": 0.4275,
          "8": 0.345,
          "9": 0.3975
        }
      },
      "communication": {
        "round_client_to_server_bytes": 24730000,
        "round_server_to_client_bytes": 24730000,
        "round_total_bytes": 49460000
      }
    },
    {
      "round": 12,
      "global_metrics": {
        "mean_client_accuracy": 0.3745,
        "worst_client_accuracy": 0.3025,
        "p10_client_accuracy": 0.30475,
        "client_accuracies": {
          "0": 0.355,
          "1": 0.4425,
          "2": 0.3075,
          "3": 0.3675,
          "4": 0.44,
          "5": 0.3025,
          "6": 0.305,
          "7": 0.435,
          "8": 0.365,
          "9": 0.425
        }
      },
      "communication": {
        "round_client_to_server_bytes": 24730000,
        "round_server_to_client_bytes": 24730000,
        "round_total_bytes": 49460000
      }
    },
    {
      "round": 13,