{
  "method": "SCAFFOLD",
  "seed": 123,
  "mean_accuracy": 0.31450000000000006,
  "worst_accuracy": 0.225,
  "std_across_clients": 0.07816488981633635,
  "client_accuracies": {
    "0": 0.455,
    "1": 0.26,
    "2": 0.265,
    "3": 0.225,
    "4": 0.3575,
    "5": 0.4525,
    "6": 0.2675,
    "7": 0.29,
    "8": 0.25,
    "9": 0.3225
  },
  "partition_fingerprint": "855b799bb56c59f92a0e7d446332355941c2de59fd5b8a1820e79ed7f6ba790b",
  "per_round": [
    {
      "round": 1,
      "global_metrics": {
        "mean_client_accuracy": 0.3395,
        "worst_client_accuracy": 0.21,
        "p10_client_accuracy": 0.2235,
        "client_accuracies": {
          "0": 0.455,
          "1": 0.2825,
          "2": 0.3125,
          "3": 0.21,
          "4": 0.49,
          "5": 0.3075,
          "6": 0.3475,
          "7": 0.3875,
          "8": 0.225,
          "9": 0.3775
        }
      },
      "communication": {
        "round_client_to_server_bytes": 24730000,
        "round_server_to_client_bytes": 24730000,
        "round_total_bytes": 49460000
      }
    },
    {
      "round": 2,
      "global_metrics": {
        "mean_client_accuracy": 0.094,
        "worst_client_accuracy": 0.0025,
        "p10_client_accuracy": 0.007,
        "client_accuracies": {
          "0": 0.0425,
          "1": 0.0075,
          "2": 0.2175,
          "3": 0.0025,
          "4": 0.035,
          "5": 0.03,
          "6": 0.205,
          "7": 0.055,
          "8": 0.135,
          "9": 0.21
        }
      },
      "communication": {
        "round_client_to_server_bytes": 24730000,
        "round_server_to_client_bytes": 24730000,
        "round_total_bytes": 49460000
      }
    },
    {
      "round": 3,
      "global_metrics": {
        "mean_client_accuracy": 0.098,
        "worst_client_accuracy": 0.005,
        "p10_client_accuracy": 0.01175,
        "client_accuracies": {
          "0": 0.1275,
          "1": 0.06,
          "2": 0.125,
          "3": 0.0125,
          "4": 0.1275,
          "5": 0.005,
          "6": 0.1275,
          "7": 0.13,
          "8": 0.11,
          "9": 0.155
        }
      },
      "communication": {
        "round_client_to_server_bytes": 24730000,
        "round_server_to_client_bytes": 24730000,
        "round_total_bytes": 49460000
      }
    },
    {
      "round": 4,
      "global_metrics": {
        "mean_client_accuracy": 0.25050000000000006,
        "worst_client_accuracy": 0.17,
        "p10_client_accuracy": 0.18125,
        "client_accuracies": {
          "0": 0.425,
          "1": 0.205,
          "2": 0.1975,
          "3": 0.17,
          "4": 0.2625,
          "5": 0.2575,
          "6": 0.2725,
          "7": 0.2,
          "8": 0.1825,
          "9": 0.3325
        }
      },
      "communication": {
        "round_client_to_server_bytes": 24730000,
        "round_server_to_client_bytes": 24730000,
        "round_total_bytes": 49460000
      }
    },
    {
      "round": 5,
      "global_metrics": {
        "mean_client_accuracy": 0.20274999999999999,
        "worst_client_accuracy": 0.0825,
        "p10_client_accuracy": 0.08925,
        "client_accuracies": {
          "0": 0.17,
          "1": 0.1725,
          "2": 0.3625,
          "3": 0.0825,
          "4": 0.11,
          "5": 0.2075,
          "6": 0.2475,
          "7": 0.09,
          "8": 0.2825,
          "9": 0.3025
        }
      },
      "communication": {
        "round_client_to_server_bytes": 24730000,
        "round_server_to_client_bytes": 24730000,
        "round_total_bytes": 49460000
      }
    },
    {
      "round": 6,
      "global_metrics": {
        "mean_client_accuracy": 0.3155,
        "worst_client_accuracy": 0.21,
        "p10_client_accuracy": 0.264,
        "client_accuracies": {
          "0": 0.4475,
          "1": 0.2975,
          "2": 0.2925,
          "3": 0.21,
          "4": 0.41,
          "5": 0.3225,
          "6": 0.275,
          "7": 0.2925,
          "8": 0.27,
          "9": 0.3375
        }
      },
      "communication": {
        "round_client_to_server_bytes": 24730000,
        "round_server_to_client_bytes": 24730000,
        "round_total_bytes": 49460000
      }
    },
    {
      "round": 7,
      "global_metrics": {
        "mean_client_accuracy": 0.374,
        "worst_client_accuracy": 0.245,
        "p10_client_accuracy": 0.2765,
        "client_accuracies": {
          "0": 0.5075,
          "1": 0.3075,
          "2": 0.3575,
          "3": 0.245,
          "4": 0.4575,
          "5": 0.39,
          "6": 0.375,
          "7": 0.38,
          "8": 0.28,
          "9": 0.44
        }
      },
      "communication": {
        "round_client_to_server_bytes": 24730000,
        "round_server_to_client_bytes": 24730000,
        "round_total_bytes": 49460000
      }
    },
    {
      "round": 8,
      "global_metrics": {
        "mean_client_accuracy": 0.395,
        "worst_client_accuracy": 0.25,
        "p10_client_accuracy": 0.30175,
        "client_accuracies": {
          "0": 0.52,
          "1": 0.3425,
          "2": 0.3875,
          "3": 0.25,
          "4": 0.485,
          "5": 0.4,
          "6": 0.3875,
          "7": 0.4025,
          "8": 0.3075,
          "9": 0.4675
        }
      },
      "communication": {
        "round_client_to_server_bytes": 24730000,
        "round_server_to_client_bytes": 24730000,
        "round_total_bytes": 49460000
      }
    },
    {
      "round": 9,
      "global_metrics": {
        "mean_client_accuracy": 0.39674999999999994,
        "worst_client_accuracy": 0.2525,
        "p10_client_accuracy": 0.29525,
        "client_accuracies": {
          "0": 0.5175,
          "1": 0.335,
          "2": 0.425,
          "3": 0.2525,
          "4": 0.48,
          "5": 0.3875,
          "6": 0.3725,
          "7": 0.41,
          "8": 0.3,
          "9": 0.4875
        }
      },
      "communication": {
        "round_client_to_server_bytes": 24730000,
        "round_server_to_client_bytes": 24730000,
        "round_total_bytes": 49460000
      }
    },
    {
      "round": 10,
      "global_metrics": {
        "mean_client_accuracy": 0.40025000000000005,
        "worst_client_accuracy": 0.26,
        "p10_client_accuracy": 0.31625000000000003,
        "client_accuracies": {
          "0": 0.515,
          "1": 0.3625,
          "2": 0.4175,
          "3": 0.26,
          "4": 0.455,
          "5": 0.395,
          "6": 0.3875,
          "7": 0.4025,
          "8": 0.3225,
          "9": 0.485
        }
      },
      "communication": {
        "round_client_to_server_bytes": 24730000,
        "round_server_to_client_bytes": 24730000,
        "round_total_bytes": 49460000
      }
    },
    {
      "round": 11,
      "global_metrics": {
        "mean_client_accuracy": 0.388,
        "worst_client_accuracy": 0.22,
        "p10_client_accuracy": 0.292,
        "client_accuracies": {
          "0": 0.5,
          "1": 0.3425,
          "2": 0.41,
          "3": 0.22,
          "4": 0.4825,
          "5": 0.365,
          "6": 0.365,
          "7": 0.4275,
          "8": 0.3,
          "9": 0.4675
        }
      },
      "communication": {
        "round_client_to_server_bytes": 24730000,
        "round_server_to_client_bytes": 24730000,
        "round_total_bytes": 49460000
      }
    },
    {
      "round": 12,
      "global_metrics": {
        "mean_client_accuracy": 0.40774999999999995,
        "worst_client_accuracy": 0.2825,
        "p10_client_accuracy": 0.323,
        "client_accuracies": {
          "0": 0.5125,
          "1": 0.385,
          "2": 0.405,
          "3": 0.2825,
          "4": 0.475,
          "5": 0.4025,
          "6": 0.375,
          "7": 0.44,
          "8": 0.3275,
          "9": 0.4725
        }
      },
      "communication": {
        "round_client_to_server_bytes": 24730000,
        "round_server_to_client_bytes": 24730000,
        "round_total_bytes": 49460000
      }
    },
    {
      "round": 13,