{
  "5_clients": {
    "mean": 0.8178333333333333,
    "std": 0.006462498656780406,
    "experiments": [
      {
        "num_clients": 5,
        "rounds": 10,
        "local_epochs": 1,
        "seed": 42,
        "mean_accuracy": 0.8215,
        "worst_accuracy": 0.79375,
        "client_accuracies": {
          "0": 0.8375,
          "1": 0.79375,
          "2": 0.8425,
          "3": 0.8125,
          "4": 0.82125
        },
        "global_weight_norm": 34.51232525643919,
        "client_weight_norms": {
          "0": 34.685452634756516,
          "1": 34.64653272148009,
          "2": 34.60722659223474,
          "3": 34.628836940345316,
          "4": 34.575752529582985
        }
      },
      {
        "num_clients": 5,
        "rounds": 10,
        "local_epochs": 1,
        "seed": 123,
        "mean_accuracy": 0.8087500000000001,
        "worst_accuracy": 0.775,
        "client_accuracies": {
          "0": 0.775,
          "1": 0.82375,
          "2": 0.8175,
          "3": 0.8225,
          "4": 0.805
        },
        "global_weight_norm": 48.52930361523967,
        "client_weight_norms": {
          "0": 49.00756960952996,
          "1": 48.61772741968554,
          "2": 48.899370310992765,
          "3": 49.00240107347954,
          "4": 48.8383098530525
        }
      },
      {
        "num_clients": 5,
        "rounds": 10,
        "local_epochs": 1,
        "seed": 456,
        "mean_accuracy": 0.82325,
        "worst_accuracy": 0.8,
        "client_accuracies": {
          "0": 0.8175,
          "1": 0.8,
          "2": 0.825,
          "3": 0.8375,
          "4": 0.83625
        },
        "global_weight_norm": 47.077863954592004,
        "client_weight_norms": {
          "0": 47.380209436326105,
          "1": 47.541864962047434,
          "2": 47.429307104930444,
          "3": 47.51938502955175,
          "4": 47.28646161236556
        }
      }
    ],
    "seeds": [
      42,
      123,
      456
    ]
  },
  "10_clients": {
    "mean": 0.8497499999999999,
    "std": 0.0059406789735406045,
    "experiments": [
      {
        "num_clients": 10,
        "rounds": 10,
        "local_epochs": 5,
        "seed": 42,
        "mean_accuracy": 0.8552500000000001,
        "worst_accuracy": 0.84,
        "client_accuracies": {
          "0": 0.87,
          "1": 0.86,
          "2": 0.84,
          "3": 0.8675,
          "4": 0.865,
          "5": 0.85,
          "6": 0.8425,
          "7": 0.8525,
          "8": 0.8475,
          "9": 0.8575
        },
        "global_weight_norm": 41.23354609343091,
        "client_weight_norms": {
          "0": 41.62690952752289,
          "1": 42.025331324959964,
          "2": 41.88667846366648,
          "3": 41.536808816458525,
          "4": 41.827408654735756,
          "5": 41.9072107380326,
          "6": 41.7972909183397,
          "7": 41.781332156741456,
          "8": 41.51359710027062,
          "9": 41.83187676102091
        }
      },
      {
        "num_clients": 10,
        "rounds": 10,
        "local_epochs": 5,
        "seed": 123,
        "mean_accuracy": 0.8525,
        "worst_accuracy": 0.84,
        "client_accuracies": {
          "0": 0.87,
          "1": 0.8625,
          "2": 0.84,
          "3": 0.86,
          "4": 0.845,
          "5": 0.8425,
          "6": 0.84,
          "7": 0.8625,
          "8": 0.8475,
          "9": 0.855
        },
        "global_weight_norm": 64.59880271970243,
        "client_weight_norms": {
          "0": 64.85980002504198,
          "1": 65.44672672709343,
          "2": 65.45242679671591,
          "3": 65.57107774267389,
          "4": 65.38871240650195,
          "5": 65.34794404343691,
          "6": 65.82169391648328,
          "7": 65.97067726073308,
          "8": 65.41003137262202,
          "9": 65.07232768504674
        }
      },
      {
        "num_clients": 10,
        "rounds": 10,
        "local_epochs": 5,
        "seed": 456,
        "mean_accuracy": 0.8414999999999999,
        "worst_accuracy": 0.8225,
        "client_accuracies": {
          "0": 0.855,
          "1": 0.8475,
          "2": 0.85,
          "3": 0.8325,
          "4": 0.8375,
          "5": 0.845,
          "6": 0.8325,
          "7": 0.8625,
          "8": 0.83,
          "9": 0.8225
        },
        "global_weight_norm": 57.53293141154781,
        "client_weight_norms": {
          "0": 58.063497326602395,
          "1": 58.774341146181925,
          "2": 58.06677830846683,
          "3": 58.028385162991356,
          "4": 57.845955018087786,
          "5": 58.557143212197985,
          "6": 58.50830212264176,
          "7": 58.407644980493124,
          "8": 59.00483612481959,
          "9": 58.340908450611145
        }
      }
    ],
    "seeds": [
      42,
      123,
      456
    ]
  }
}