{
  "5_clients": {
    "mean": 0.8205,
    "std": 0.011960002787067669,
    "experiments": [
      {
        "num_clients": 5,
        "rounds": 10,
        "local_epochs": 1,
        "seed": 42,
        "mean_accuracy": 0.8237500000000001,
        "worst_accuracy": 0.78875,
        "client_accuracies": {
          "0": 0.84625,
          "1": 0.78875,
          "2": 0.8425,
          "3": 0.80625,
          "4": 0.835
        },
        "global_weight_norm": 34.72253315029174,
        "client_weight_norms": {
          "0": 34.85025106571622,
          "1": 34.80631906065354,
          "2": 34.793262357801694,
          "3": 34.91683127892031,
          "4": 35.08245934181767
        }
      },
      {
        "num_clients": 5,
        "rounds": 10,
        "local_epochs": 1,
        "seed": 123,
        "mean_accuracy": 0.8045,
        "worst_accuracy": 0.7775,
        "client_accuracies": {
          "0": 0.7775,
          "1": 0.8175,
          "2": 0.81875,
          "3": 0.8225,
          "4": 0.78625
        },
        "global_weight_norm": 46.836568325262995,
        "client_weight_norms": {
          "0": 47.41076506797931,
          "1": 47.0488944902973,
          "2": 47.02646035090207,
          "3": 47.0812404802028,
          "4": 47.09861185641727
        }
      },
      {
        "num_clients": 5,
        "rounds": 10,
        "local_epochs": 1,
        "seed": 456,
        "mean_accuracy": 0.8332499999999999,
        "worst_accuracy": 0.81,
        "client_accuracies": {
          "0": 0.82875,
          "1": 0.81,
          "2": 0.835,
          "3": 0.845,
          "4": 0.8475
        },
        "global_weight_norm": 48.1881753407475,
        "client_weight_norms": {
          "0": 48.42803325747388,
          "1": 48.6152025538535,
          "2": 48.613245432083005,
          "3": 48.59054993113531,
          "4": 48.42227499352119
        }
      }
    ],
    "seeds": [
      42,
      123,
      456
    ]
  },
  "10_clients": {
    "mean": 0.8434166666666666,
    "std": 0.004169998667732288,
    "experiments": [
      {
        "num_clients": 10,
        "rounds": 10,
        "local_epochs": 5,
        "seed": 42,
        "mean_accuracy": 0.84925,
        "worst_accuracy": 0.8275,
        "client_accuracies": {
          "0": 0.88,
          "1": 0.8525,
          "2": 0.8275,
          "3": 0.8575,
          "4": 0.8525,
          "5": 0.8525,
          "6": 0.8375,
          "7": 0.8375,
          "8": 0.8475,
          "9": 0.8475
        },
        "global_weight_norm": 41.18142818109373,
        "client_weight_norms": {
          "0": 41.58488687454421,
          "1": 41.6535329821122,
          "2": 41.68743943448793,
          "3": 41.63872611268075,
          "4": 41.596953488901974,
          "5": 41.77301956855554,
          "6": 41.571372537426726,
          "7": 41.55589687214157,
          "8": 41.57495224179395,
          "9": 41.695727332415466
        }
      },
      {
        "num_clients": 10,
        "rounds": 10,
        "local_epochs": 5,
        "seed": 123,
        "mean_accuracy": 0.8412499999999999,
        "worst_accuracy": 0.82,
        "client_accuracies": {
          "0": 0.87,
          "1": 0.8575,
          "2": 0.825,
          "3": 0.8425,
          "4": 0.83,
          "5": 0.84,
          "6": 0.8225,
          "7": 0.845,
          "8": 0.82,
          "9": 0.86
        },
        "global_weight_norm": 60.60262602944569,
        "client_weight_norms": {
          "0": 61.34448070137693,
          "1": 61.5436652167126,
          "2": 61.69388137251393,
          "3": 61.25205275841702,
          "4": 61.10744925831298,
          "5": 61.370892286136915,
          "6": 61.93016990955802,
          "7": 61.64528813135265,
          "8": 61.48972586025989,
          "9": 61.008954856676226
        }
      },
      {
        "num_clients": 10,
        "rounds": 10,
        "local_epochs": 5,
        "seed": 456,
        "mean_accuracy": 0.8397499999999999,
        "worst_accuracy": 0.82,
        "client_accuracies": {
          "0": 0.855,
          "1": 0.84,
          "2": 0.85,
          "3": 0.835,
          "4": 0.8425,
          "5": 0.83,
          "6": 0.8425,
          "7": 0.8525,
          "8": 0.83,
          "9": 0.82
        },
        "global_weight_norm": 57.02761974760477,
        "client_weight_norms": {
          "0": 57.839388889391486,
          "1": 58.199611632119854,
          "2": 57.83980835071536,
          "3": 57.63676991478211,
          "4": 57.49137236057076,
          "5": 58.012131740689235,
          "6": 57.77241168165705,
          "7": 57.796519906276316,
          "8": 58.37257589302795,
          "9": 58.26496696986109
        }
      }
    ],
    "seeds": [
      42,
      123,
      456
    ]
  }
}