{
  "seed_42": 0.84625,
  "seed_123": 0.84,
  "seed_456": 0.8405,
  "mean": 0.8422499999999999,
  "std": 0.002835783254528904,
  "seeds": [
    42,
    123,
    456
  ]
}