{
  "alpha_0.1_seed42": {
    "min": 0.2125,
    "max": 0.7925,
    "mean": 0.54175,
    "std": 0.16265396552190173,
    "median": 0.5449999999999999
  },
  "alpha_0.1_seed123": {
    "min": 0.4375,
    "max": 0.8075,
    "mean": 0.5750000000000001,
    "std": 0.10801620248833042,
    "median": 0.56375
  },
  "alpha_0.1_seed456": {
    "min": 0.2125,
    "max": 0.815,
    "mean": 0.5245,
    "std": 0.18624177834202507,
    "median": 0.52
  }
}