{
  "experiments": [
    {
      "num_clients": 2,
      "rounds": 10,
      "local_epochs": 1,
      "seed": 42,
      "mean_accuracy": 0.8374999999999999,
      "worst_accuracy": 0.831,
      "client_accuracies": {
        "0": 0.844,
        "1": 0.831
      },
      "global_weight_norm": 39.364684036058904,
      "client_weight_norms": {
        "0": 39.45224579634051,
        "1": 39.546924972587384
      }
    },
    {
      "num_clients": 2,
      "rounds": 10,
      "local_epochs": 1,
      "seed": 123,
      "mean_accuracy": 0.8235,
      "worst_accuracy": 0.8075,
      "client_accuracies": {
        "0": 0.8075,
        "1": 0.8395
      },
      "global_weight_norm": 48.85983331715881,
      "client_weight_norms": {
        "0": 49.09328563334438,
        "1": 49.0917364795481
      }
    },
    {
      "num_clients": 2,
      "rounds": 10,
      "local_epochs": 1,
      "seed": 456,
      "mean_accuracy": 0.84125,
      "worst_accuracy": 0.836,
      "client_accuracies": {
        "0": 0.836,
        "1": 0.8465
      },
      "global_weight_norm": 64.97237936061065,
      "client_weight_norms": {
        "0": 65.14862809188787,
        "1": 65.34716155618403
      }
    }
  ],
  "seeds": [
    42,
    123,
    456
  ],
  "mean": 0.8340833333333334,
  "std": 0.00763853534535399,
  "gap_to_centralized": 0.008166666666666544
}