{
  "alpha_0.1_seed42": {
    "min": 0.1825,
    "max": 0.8175,
    "mean": 0.54775,
    "std": 0.1944172381760424,
    "median": 0.54125
  },
  "alpha_0.1_seed123": {
    "min": 0.415,
    "max": 0.815,
    "mean": 0.5730000000000001,
    "std": 0.114399519229759,
    "median": 0.5725
  },
  "alpha_0.1_seed456": {
    "min": 0.19,
    "max": 0.8125,
    "mean": 0.5185,
    "std": 0.2145961323043824,
    "median": 0.5487500000000001
  }
}