{
  "0": 2.8700446308151037,
  "1": 3.0215216736949846,
  "2": 3.283840622670271,
  "3": 2.9324240972814977,
  "4": 3.028211675341912,
  "5": 3.1137224540212367,
  "6": 3.032976890159885,
  "7": 3.1433358608799202,
  "8": 3.1895970516185543,
  "9": 3.0257305390640603
}