{
  "0": 0.7802201985447811,
  "1": 0.6893303735161442,
  "2": 0.5506720497183005,
  "3": 0.5899942945157934,
  "4": 0.6779798289758107,
  "5": 0.7497761016786142,
  "6": 0.5227287955912272,
  "7": 0.6569665841104214,
  "8": 0.6230941883399896,
  "9": 0.691982417060229
}