{
  "0": 1.729408348202038,
  "1": 1.9335818018359445,
  "2": 1.7652870482820426,
  "3": 1.799616487610027,
  "4": 1.827726905881497,
  "5": 1.557440672715154,
  "6": 1.918137198192587,
  "7": 1.8133931371642904,
  "8": 1.8814369129523478,
  "9": 2.052778036432522
}