{
  "0": 0.6687765600244099,
  "1": 0.3959296772770444,
  "2": 0.5798480735542979,
  "3": 0.45655432605003304,
  "4": 0.4366170992523213,
  "5": 0.6675212905982625,
  "6": 0.40675608074139413,
  "7": 0.45383961347792134,
  "8": 0.41699750274380043,
  "9": 0.20390432968204758
}