{
  "fedavg": {
    "mean": 0.8206666666666668,
    "std": 0.010412999354439352,
    "worst_mean": 0.7399999999999999
  },
  "scaffold": {
    "mean": 0.008833333333333334,
    "std": 0.005181430518903272,
    "worst_mean": 0.0
  },
  "moon": {
    "mean": 0.8337500000000001,
    "std": 0.004826144078523471,
    "worst_mean": 0.7591666666666667
  },
  "flex_persona": {
    "mean": 0.7949999999999999,
    "std": 0.0038944404818493346,
    "worst_mean": 0.7358333333333333
  }
}