{
  "experiments": [
    {
      "num_clients": 2,
      "rounds": 10,
      "local_epochs": 1,
      "seed": 42,
      "mean_accuracy": 0.8102499999999999,
      "worst_accuracy": 0.8035,
      "client_accuracies": {
        "0": 0.817,
        "1": 0.8035
      },
      "global_weight_norm": 35.041881967845406,
      "client_weight_norms": {
        "0": 35.07393035330389,
        "1": 35.18837999207762
      }
    },
    {
      "num_clients": 2,
      "rounds": 10,
      "local_epochs": 1,
      "seed": 123,
      "mean_accuracy": 0.8235,
      "worst_accuracy": 0.8175,
      "client_accuracies": {
        "0": 0.8175,
        "1": 0.8295
      },
      "global_weight_norm": 49.619435865097834,
      "client_weight_norms": {
        "0": 49.84332578229651,
        "1": 49.86096594108622
      }
    },
    {
      "num_clients": 2,
      "rounds": 10,
      "local_epochs": 1,
      "seed": 456,
      "mean_accuracy": 0.8402499999999999,
      "worst_accuracy": 0.8295,
      "client_accuracies": {
        "0": 0.8295,
        "1": 0.851
      },
      "global_weight_norm": 67.68040822250947,
      "client_weight_norms": {
        "0": 68.0681206100349,
        "1": 67.96479830085907
      }
    }
  ],
  "seeds": [
    42,
    123,
    456
  ],
  "mean": 0.8246666666666668,
  "std": 0.012275200835650542,
  "gap_to_centralized": 0.013166666666666549
}