{
  "seed_42": 0.84475,
  "seed_123": 0.83675,
  "seed_456": 0.832,
  "mean": 0.8378333333333333,
  "std": 0.00526123137255488,
  "seeds": [
    42,
    123,
    456
  ]
}