{
  "final_metrics": {
    "mean_client_accuracy": 0.5137254901960785,
    "worst_client_accuracy": 0.35294117647058826,
    "worst_group_accuracy": 0.5070028011204482
  },
  "communication": {
    "client_to_server_bytes": 20014000,
    "server_to_client_bytes": 2238984841,
    "total_bytes": 2258998841
  },
  "convergence": {
    "mean_client_accuracy": [
      0.056862745098039215,
      0.10784313725490195,
      0.12156862745098038,
      0.11568627450980391,
      0.12745098039215685,
      0.14901960784313725,
      0.1803921568627451,
      0.17058823529411765,
      0.19607843137254902,
      0.18823529411764706,
      0.23137254901960785,
      0.24117647058823527,
      0.23529411764705882,
      0.2392156862745098,
      0.2450980392156863,
      0.2627450980392157,
      0.2901960784313725,
      0.31176470588235294,
      0.3215686274509804,
      0.3549019607843137,
      0.3627450980392157,
      0.38235294117647056,
      0.3843137254901961,
      0.4019607843137255,
      0.37058823529411766,
      0.3823529411764706,
      0.40980392156862744,
      0.4294117647058823,
      0.40588235294117647,
      0.4196078431372549,
      0.4313725490196078,
      0.45098039215686275,
      0.46078431372549017,
      0.4627450980392157,
      0.4235294117647059,
      0.42549019607843136,
      0.46862745098039216,
      0.45098039215686275,
      0.4647058823529412,
      0.4980392156862745,
      0.48039215686274506,
      0.488235294117647,
      0.4764705882352941,
      0.5117647058823529,
      0.5019607843137255,
      0.4862745098039215,
      0.503921568627451,
      0.4666666666666667,
      0.515686274509804,
      0.5137254901960785
    ],
    "worst_client_accuracy": [
      0.0,
      0.0,
      0.058823529411764705,
      0.0,
      0.0196078431372549,
      0.0196078431372549,
      0.058823529411764705,
      0.0196078431372549,
      0.0196078431372549,
      0.0196078431372549,
      0.09803921568627451,
      0.11764705882352941,
      0.0784313725490196,
      0.0392156862745098,
      0.058823529411764705,
      0.0784313725490196,
      0.0784313725490196,
      0.13725490196078433,
      0.1568627450980392,
      0.13725490196078433,
      0.1568627450980392,
      0.13725490196078433,
      0.19607843137254902,
      0.21568627450980393,
      0.17647058823529413,
      0.19607843137254902,
      0.19607843137254902,
      0.27450980392156865,
      0.17647058823529413,
      0.21568627450980393,
      0.23529411764705882,
      0.27450980392156865,
      0.29411764705882354,
      0.27450980392156865,
      0.23529411764705882,
      0.1568627450980392,
      0.27450980392156865,
      0.27450980392156865,
      0.27450980392156865,
      0.3333333333333333,
      0.29411764705882354,
      0.3333333333333333,
      0.29411764705882354,
      0.37254901960784315,
      0.35294117647058826,
      0.27450980392156865,
      0.3333333333333333,
      0.23529411764705882,
      0.43137254901960786,
      0.35294117647058826
    ],
    "worst_group_accuracy": [
      0.05555555555555555,
      0.0896358543417367,
      0.09523809523809523,
      0.058823529411764705,
      0.06162464985994398,
      0.08403361344537816,
      0.10084033613445377,
      0.10364145658263305,
      0.12324929971988796,
      0.09523809523809525,
      0.1456582633053221,
      0.14285714285714285,
      0.14285714285714285,
      0.15126050420168066,
      0.15126050420168066,
      0.15686274509803924,
      0.21288515406162464,
      0.2380952380952381,
      0.25490196078431376,
      0.2773109243697479,
      0.3025210084033613,
      0.30812324929971985,
      0.3109243697478991,
      0.3305322128851541,
      0.319327731092437,
      0.32212885154061627,
      0.36134453781512604,
      0.38375350140056025,
      0.3389355742296919,
      0.38375350140056025,
      0.39775910364145656,
      0.4145658263305322,
      0.4145658263305322,
      0.4117647058823529,
      0.4033613445378151,
      0.41736694677871145,
      0.42016806722689076,
      0.41736694677871145,
      0.4397759103641457,
      0.4649859943977591,
      0.4677871148459384,
      0.47058823529411764,
      0.4649859943977591,
      0.49299719887955185,
      0.49673202614379086,
      0.4215686274509804,
      0.49673202614379086,
      0.3529411764705882,
      0.5098039215686274,
      0.5070028011204482
    ]
  },
  "run_summary": {
    "rounds_configured": 50,
    "rounds_executed": 50,
    "stopped_early": false,
    "early_stopping_metric": "mean_client_accuracy",
    "early_stopping_enabled": true,
    "early_stopping_patience": 5,
    "early_stopping_min_delta": 0.001,
    "best_metric": 0.515686274509804,
    "best_round": 49,
    "rounds_without_improvement": 1
  }
}