{
  "final_metrics": {
    "mean_client_accuracy": 0.08431372549019608,
    "worst_client_accuracy": 0.0,
    "worst_group_accuracy": 0.08431372549019608
  },
  "communication": {
    "client_to_server_bytes": 219527000,
    "server_to_client_bytes": 219522500,
    "total_bytes": 439049500
  },
  "convergence": {
    "mean_client_accuracy": [
      0.045098039215686274,
      0.045098039215686274,
      0.0803921568627451,
      0.0803921568627451,
      0.0803921568627451,
      0.0803921568627451,
      0.0803921568627451,
      0.0803921568627451,
      0.0803921568627451,
      0.0803921568627451,
      0.0803921568627451,
      0.0803921568627451,
      0.0803921568627451,
      0.0803921568627451,
      0.0803921568627451,
      0.0803921568627451,
      0.0803921568627451,
      0.0803921568627451,
      0.0803921568627451,
      0.0803921568627451,
      0.0803921568627451,
      0.0803921568627451,
      0.0803921568627451,
      0.0803921568627451,
      0.0803921568627451,
      0.0803921568627451,
      0.0803921568627451,
      0.0803921568627451,
      0.0803921568627451,
      0.0803921568627451,
      0.0803921568627451,
      0.0803921568627451,
      0.0803921568627451,
      0.0803921568627451,
      0.0803921568627451,
      0.0803921568627451,
      0.0803921568627451,
      0.0803921568627451,
      0.0803921568627451,
      0.0803921568627451,
      0.0803921568627451,
      0.0803921568627451,
      0.0803921568627451,
      0.0803921568627451,
      0.08235294117647059,
      0.08235294117647059,
      0.08235294117647059,
      0.08235294117647059,
      0.08431372549019608,
      0.08431372549019608
    ],
    "worst_client_accuracy": [
      0.0196078431372549,
      0.0196078431372549,
      0.0,
      0.0,
      0.0,
      0.0,
      0.0,
      0.0,
      0.0,
      0.0,
      0.0,
      0.0,
      0.0,
      0.0,
      0.0,
      0.0,
      0.0,
      0.0,
      0.0,
      0.0,
      0.0,
      0.0,
      0.0,
      0.0,
      0.0,
      0.0,
      0.0,
      0.0,
      0.0,
      0.0,
      0.0,
      0.0,
      0.0,
      0.0,
      0.0,
      0.0,
      0.0,
      0.0,
      0.0,
      0.0,
      0.0,
      0.0,
      0.0,
      0.0,
      0.0,
      0.0,
      0.0,
      0.0,
      0.0,
      0.0
    ],
    "worst_group_accuracy": [
      0.045098039215686274,
      0.045098039215686274,
      0.0803921568627451,
      0.0803921568627451,
      0.0803921568627451,
      0.0803921568627451,
      0.0803921568627451,
      0.0803921568627451,
      0.0803921568627451,
      0.0803921568627451,
      0.0803921568627451,
      0.0803921568627451,
      0.0803921568627451,
      0.0803921568627451,
      0.0803921568627451,
      0.0803921568627451,
      0.0803921568627451,
      0.0803921568627451,
      0.0803921568627451,
      0.0803921568627451,
      0.0803921568627451,
      0.0803921568627451,
      0.0803921568627451,
      0.0803921568627451,
      0.0803921568627451,
      0.0803921568627451,
      0.0803921568627451,
      0.0803921568627451,
      0.0803921568627451,
      0.0803921568627451,
      0.0803921568627451,
      0.0803921568627451,
      0.0803921568627451,
      0.0803921568627451,
      0.0803921568627451,
      0.0803921568627451,
      0.0803921568627451,
      0.0803921568627451,
      0.0803921568627451,
      0.0803921568627451,
      0.0803921568627451,
      0.0803921568627451,
      0.0803921568627451,
      0.0803921568627451,
      0.08235294117647059,
      0.08235294117647059,
      0.08235294117647059,
      0.08235294117647059,
      0.08431372549019608,
      0.08431372549019608
    ]
  },
  "run_summary": {
    "rounds_configured": 50,
    "rounds_executed": 50,
    "stopped_early": false,
    "termination_reason": "completed_configured_rounds",
    "early_stopping_metric": "mean_client_accuracy",
    "early_stopping_enabled": false,
    "early_stopping_patience": 5,
    "early_stopping_min_delta": 0.0,
    "max_unlimited_rounds": 10000,
    "best_metric": 0.0,
    "best_round": null,
    "rounds_without_improvement": 0
  }
}