{
  "final_metrics": {
    "mean_client_accuracy": 0.0803921568627451,
    "worst_client_accuracy": 0.0,
    "worst_group_accuracy": 0.0803921568627451
  },
  "communication": {
    "client_to_server_bytes": 131716200,
    "server_to_client_bytes": 131713500,
    "total_bytes": 263429700
  },
  "convergence": {
    "mean_client_accuracy": [
      0.045098039215686274,
      0.045098039215686274,
      0.045098039215686274,
      0.0803921568627451,
      0.0803921568627451,
      0.0803921568627451,
      0.0803921568627451,
      0.0803921568627451,
      0.0803921568627451,
      0.0803921568627451,
      0.0803921568627451,
      0.0803921568627451,
      0.0803921568627451,
      0.0803921568627451,
      0.0803921568627451,
      0.0803921568627451,
      0.0803921568627451,
      0.0803921568627451,
      0.0803921568627451,
      0.0803921568627451,
      0.0803921568627451,
      0.0803921568627451,
      0.0803921568627451,
      0.0803921568627451,
      0.0803921568627451,
      0.0803921568627451,
      0.0803921568627451,
      0.0803921568627451,
      0.0803921568627451,
      0.0803921568627451
    ],
    "worst_client_accuracy": [
      0.0196078431372549,
      0.0196078431372549,
      0.0196078431372549,
      0.0,
      0.0,
      0.0,
      0.0,
      0.0,
      0.0,
      0.0,
      0.0,
      0.0,
      0.0,
      0.0,
      0.0,
      0.0,
      0.0,
      0.0,
      0.0,
      0.0,
      0.0,
      0.0,
      0.0,
      0.0,
      0.0,
      0.0,
      0.0,
      0.0,
      0.0,
      0.0
    ],
    "worst_group_accuracy": [
      0.045098039215686274,
      0.045098039215686274,
      0.045098039215686274,
      0.0803921568627451,
      0.0803921568627451,
      0.0803921568627451,
      0.0803921568627451,
      0.0803921568627451,
      0.0803921568627451,
      0.0803921568627451,
      0.0803921568627451,
      0.0803921568627451,
      0.0803921568627451,
      0.0803921568627451,
      0.0803921568627451,
      0.0803921568627451,
      0.0803921568627451,
      0.0803921568627451,
      0.0803921568627451,
      0.0803921568627451,
      0.0803921568627451,
      0.0803921568627451,
      0.0803921568627451,
      0.0803921568627451,
      0.0803921568627451,
      0.0803921568627451,
      0.0803921568627451,
      0.0803921568627451,
      0.0803921568627451,
      0.0803921568627451
    ]
  },
  "run_summary": {
    "rounds_configured": 30,
    "rounds_executed": 30,
    "stopped_early": false,
    "termination_reason": "completed_configured_rounds",
    "early_stopping_metric": "mean_client_accuracy",
    "early_stopping_enabled": false,
    "early_stopping_patience": 5,
    "early_stopping_min_delta": 0.0,
    "max_unlimited_rounds": 10000,
    "best_metric": 0.0,
    "best_round": null,
    "rounds_without_improvement": 0
  }
}