{
  "0": 4.104318569717114,
  "1": 4.219204730343532,
  "2": 4.27004046764296,
  "3": 4.319477903036129,
  "4": 4.140350361657413,
  "5": 4.205037523366968,
  "6": 4.2694032026623905,
  "7": 4.262456551605902,
  "8": 4.202537637001581,
  "9": 4.260322657261415
}