{
  "0": 0.5010082140139703,
  "1": 0.37764535317613535,
  "2": 0.34117357041119906,
  "3": 0.2925175099817864,
  "4": 0.4412820315521007,
  "5": 0.4123239985343384,
  "6": 0.34238275209069424,
  "7": 0.3394983603626075,
  "8": 0.3882376531156754,
  "9": 0.34367035675582697
}