{
  "0": 2.711116049606203,
  "1": 3.144981092368947,
  "2": 3.2940148721581513,
  "3": 2.9252799173410837,
  "4": 2.962610222827874,
  "5": 3.2995126541938182,
  "6": 3.0327763180897374,
  "7": 3.2250522629387204,
  "8": 2.943989045963761,
  "9": 3.464291889138654
}