{
  "0": 1.6256315581458214,
  "1": 1.5689047972028187,
  "2": 1.3510456140804508,
  "3": 1.5471153289228923,
  "4": 1.5333349486781225,
  "5": 1.423158298684591,
  "6": 1.6215483826598107,
  "7": 1.4337320882155895,
  "8": 1.4873019768782478,
  "9": 1.2816331720647878
}