{
  "0": 3.20794642186299,
  "1": 3.592857305050146,
  "2": 3.5053052420002477,
  "3": 3.2014219873710705,
  "4": 3.38776765280366,
  "5": 3.4319947267209394,
  "6": 3.3332300968681943,
  "7": 3.467094065568048,
  "8": 3.4233240735343093,
  "9": 3.425461049628886
}