{
  "0": 0.4459171131080564,
  "1": 0.29663201279273055,
  "2": 0.27321003954312334,
  "3": 0.3864498123126434,
  "4": 0.29942984241573856,
  "5": 0.4114944509552131,
  "6": 0.3025598502241244,
  "7": 0.26924380160520817,
  "8": 0.40033143996455395,
  "9": 0.27804442118713457
}