{
  "0": 2.3709483367740702,
  "1": 2.4038015962319377,
  "2": 2.3501637571420564,
  "3": 2.478228797195676,
  "4": 1.9529878731844403,
  "5": 2.222253201609804,
  "6": 2.329163854687078,
  "7": 2.3690185461486806,
  "8": 2.383459623319023,
  "9": 2.433552283133783
}