{
  "0": 1.379171676946126,
  "1": 1.484165031985925,
  "2": 1.4270721903451704,
  "3": 1.2916146331735474,
  "4": 1.5076590533591065,
  "5": 1.3947798157241873,
  "6": 1.4321399521928355,
  "7": 1.3089030650548488,
  "8": 1.1807450135256599,
  "9": 1.645908948725232
}