{
  "method": "fedavg",
  "regime": "high_het",
  "num_seeds": 1,
  "mean_accuracy_avg": 0.14215686274509803,
  "mean_accuracy_std": 0,
  "mean_accuracy_min": 0.14215686274509803,
  "mean_accuracy_max": 0.14215686274509803,
  "mean_accuracy_ci_lower": 0.14215686274509803,
  "mean_accuracy_ci_upper": 0.14215686274509803,
  "worst_accuracy_avg": 0.17647058823529413,
  "worst_accuracy_std": 0,
  "worst_accuracy_min": 0.17647058823529413,
  "worst_accuracy_max": 0.17647058823529413,
  "collapse_rate": 0.0,
  "collapse_count": 0,
  "collapse_rate_sensitive": 0.0,
  "collapse_count_sensitive": 0,
  "stability_variance_avg": 0.07465766654917957,
  "stability_variance_std": 0,
  "avg_bytes_per_round": 0.0,
  "total_communication_cost": 0.0
}