{
  "block": "G_fixed",
  "title": "Mechanism Isolation with Active Guidance",
  "statistics": {
    "flex_full": {
      "mean": 0.7892167333963096,
      "std": 0.01601676536052428,
      "worst": 0.6378571428571428,
      "std_worst": 0.016228072594613757,
      "p10": 0.6658690476190476,
      "std_p10": 0.017650840042190936,
      "std_clients": 0.09984728085090992,
      "n_runs": 3
    },
    "flex_no_prototype_sharing": {
      "mean": 0.7890989837175971,
      "std": 0.016409621792376233,
      "worst": 0.6198214285714285,
      "std_worst": 0.03902538202473964,
      "p10": 0.6518988095238095,
      "std_p10": 0.01692392651097115,
      "std_clients": 0.10464284847254607,
      "n_runs": 3
    },
    "flex_self_only": {
      "mean": 0.7776582771483563,
      "std": 0.01474799021450821,
      "worst": 0.6278571428571428,
      "std_worst": 0.010976939340221887,
      "p10": 0.640702380952381,
      "std_p10": 0.009616380464739914,
      "std_clients": 0.10538103816553109,
      "n_runs": 3
    },
    "flex_shuffled_prototypes": {
      "mean": 0.7909335550915039,
      "std": 0.018112723701267368,
      "worst": 0.6375000000000001,
      "std_worst": 0.023184046238739264,
      "p10": 0.6647619047619048,
      "std_p10": 0.022984472970517013,
      "std_clients": 0.10182064166661127,
      "n_runs": 3
    },
    "flex_noise_prototypes": {
      "mean": 0.7441844133647734,
      "std": 0.01692758620175289,
      "worst": 0.4938293650793651,
      "std_worst": 0.08055956769272035,
      "p10": 0.6051329365079365,
      "std_p10": 0.015288483416698499,
      "std_clients": 0.12880551044792699,
      "n_runs": 3
    },
    "fedavg_sgd": {
      "mean": 0.47146053602182186,
      "std": 0.017387135554331516,
      "worst": 0.3169444444444444,
      "std_worst": 0.01920085517642829,
      "p10": 0.3549444444444445,
      "std_p10": 0.01904214785841472,
      "std_clients": 0.09515250578818962,
      "n_runs": 3
    }
  },
  "drops_vs_flex_full": {
    "flex_full": 0.0,
    "flex_no_prototype_sharing": 0.00011774967871247544,
    "flex_self_only": 0.011558456247953264,
    "flex_shuffled_prototypes": -0.0017168216951942705,
    "flex_noise_prototypes": 0.04503232003153623,
    "fedavg_sgd": 0.31775619737448774
  },
  "validation_checks": {
    "necessity_of_sharing": {
      "passed": false,
      "description": "flex_no_prototype_sharing mean=0.7891, drop=0.0001 (0.0 pp) vs threshold 5.0 pp \u2014 FAIL"
    },
    "information_integrity": {
      "passed": false,
      "description": "flex_shuffled_prototypes mean=0.7909, drop=-0.0017 (-0.2 pp) vs threshold 1.0 pp \u2014 FAIL"
    },
    "signal_vs_noise": {
      "passed": false,
      "description": "flex_noise_prototypes mean=0.7442, drop=0.0450 (4.5 pp) vs threshold 5.0 pp \u2014 FAIL"
    },
    "collaboration_requirement": {
      "passed": true,
      "description": "flex_self_only mean=0.7777, drop=0.0116 (1.2 pp) vs threshold 1.0 pp \u2014 PASS"
    }
  },
  "overall_conclusion": {
    "verdict": "REJECTED",
    "num_passed": 1,
    "num_total": 4
  }
}