{
  "experiment": "Block C: Data Regime Sweep",
  "dataset": "CIFAR-10",
  "num_clients": 10,
  "alpha": 0.1,
  "rounds": 20,
  "local_epochs": 5,
  "cluster_aware_epochs": 0,
  "seeds": [
    42,
    43,
    44
  ],
  "data_regime_results": [
    {
      "samples_per_client": 2000,
      "flex": {
        "mean": 0.7853287621170034,
        "std_across_seeds": 0.012763131053293865,
        "worst": 0.6191203703703704,
        "p10": 0.640912037037037,
        "client_std": 0.10534680010400828,
        "n_seeds": 3
      },
      "fedavg": {
        "mean": 0.4258483863144016,
        "std_across_seeds": 0.019433563148089462,
        "worst": 0.19000000000000003,
        "p10": 0.2063247663551402,
        "client_std": 0.16485716410275017,
        "n_seeds": 3
      },
      "gain": {
        "absolute": 0.35948037580260184,
        "relative_percent": 84.41510813597387,
        "worst_gain": 0.4291203703703703,
        "p10_gain": 0.43458727068189684
      }
    },
    {
      "samples_per_client": 5000,
      "flex": {
        "mean": 0.8377556856210818,
        "std_across_seeds": 0.036083428234228505,
        "worst": 0.7136666666666667,
        "p10": 0.7356261092049357,
        "client_std": 0.07624425090562349,
        "n_seeds": 3
      },
      "fedavg": {
        "mean": 0.5327540374992812,
        "std_across_seeds": 0.04517081802346143,
        "worst": 0.2545429141716567,
        "p10": 0.34915429141716564,
        "client_std": 0.15895004580622282,
        "n_seeds": 3
      },
      "gain": {
        "absolute": 0.30500164812180064,
        "relative_percent": 57.249992802206066,
        "worst_gain": 0.45912375249501,
        "p10_gain": 0.38647181778777
      }
    },
    {
      "samples_per_client": 10000,
      "flex": {
        "mean": 0.8450489840800519,
        "std_across_seeds": 0.03226694209731033,
        "worst": 0.7284063666260208,
        "p10": 0.7438648426838673,
        "client_std": 0.07325706967416201,
        "n_seeds": 3
      },
      "fedavg": {
        "mean": 0.5815201228814927,
        "std_across_seeds": 0.022273085535878902,
        "worst": 0.39189241421895904,
        "p10": 0.4618900740556131,
        "client_std": 0.09971350441794884,
        "n_seeds": 3
      },
      "gain": {
        "absolute": 0.2635288611985592,
        "relative_percent": 45.31723853213304,
        "worst_gain": 0.3365139524070617,
        "p10_gain": 0.2819747686282542
      }
    }
  ],
  "trend_analysis": {
    "pattern": "decreasing_gain",
    "interpretation": "FLEX advantage decreases with more data \u2014 conditional on data scarcity",
    "relative_gains": [
      84.41510813597387,
      57.249992802206066,
      45.31723853213304
    ]
  },
  "robustness": {
    "is_flex_consistently_better": true,
    "worst_case_improvement": 0.4082526917574807,
    "p10_improvement": 0.36767795236597367
  },
  "key_claims": [
    "FLEX maintains advantage across all tested data regimes (2000-10000 samples/client)",
    "Relative gain pattern: decreasing_gain (FLEX advantage decreases with more data \u2014 conditional on data scarcity)",
    "Mean accuracy gap at 2000 samples: 0.3595 (84.4%)",
    "Mean accuracy gap at 10000 samples: 0.2635 (45.3%)",
    "Worst-case client improvement (avg): 0.4083",
    "10th-percentile client improvement (avg): 0.3677"
  ]
}