{
  "centralized_per_seed": {
    "42": 0.6922,
    "43": 0.6916,
    "44": 0.7005
  },
  "centralized_mean": 0.6947666666666666,
  "centralized_std": 0.004974267115197306,
  "fedavg_per_seed": {
    "42": 0.52,
    "43": 0.523,
    "44": 0.519
  },
  "fedavg_mean": 0.5206666666666667,
  "fedavg_std": 0.0020816659994661343,
  "gap": 0.17409999999999992
}