{
  "section5": {
    "client1_weight_norm": 24.525173517602767,
    "client2_weight_norm": 24.528002334930996,
    "global_weight_norm": 24.4022012797732,
    "recomputed_global_norm": 24.40220131885484,
    "error": 3.908163748178595e-08
  },
  "section6": {
    "seed": 42,
    "alpha": 0.5,
    "roundwise": {
      "fedavg": [
        0.13137254901960785,
        0.21176470588235294,
        0.2372549019607843,
        0.27254901960784317,
        0.28627450980392155,
        0.33333333333333337
      ],
      "moon": [
        0.13137254901960788,
        0.1627450980392157,
        0.16862745098039217,
        0.14705882352941174,
        0.1803921568627451,
        0.1843137254901961
      ],
      "scaffold": [
        0.13137254901960788,
        0.0784313725490196,
        0.13137254901960788,
        0.0784313725490196,
        0.13137254901960788,
        0.0784313725490196
      ],
      "flex": [
        0.39803921568627454,
        0.4117647058823529,
        0.4450980392156863,
        0.484313725490196,
        0.5058823529411764,
        0.5117647058823529
      ]
    },
    "run_ids": {
      "fedavg": "e68ee0ce219dc5d3ea31748ca7f3efea",
      "moon": "27e87e883f23486d06f819f638b20d08",
      "scaffold": "0867bed61d3ec64e0f89a602d3bd98e5",
      "flex": "284227f64418ce1a186e326fd429bad5"
    }
  },
  "section7": {
    "seed": 42,
    "alpha": 0.5,
    "client_accuracies": {
      "fedavg": [
        0.3333333333333333,
        0.17647058823529413,
        0.37254901960784315,
        0.5490196078431373,
        0.3137254901960784,
        0.29411764705882354,
        0.27450980392156865,
        0.27450980392156865,
        0.39215686274509803,
        0.35294117647058826
      ],
      "moon": [
        0.23529411764705882,
        0.0392156862745098,
        0.21568627450980393,
        0.47058823529411764,
        0.13725490196078433,
        0.0784313725490196,
        0.17647058823529413,
        0.13725490196078433,
        0.23529411764705882,
        0.11764705882352941
      ],
      "scaffold": [
        0.0,
        0.5686274509803921,
        0.0,
        0.0,
        0.058823529411764705,
        0.0,
        0.11764705882352941,
        0.0392156862745098,
        0.0,
        0.0
      ],
      "flex": [
        0.39215686274509803,
        0.6666666666666666,
        0.5882352941176471,
        0.6862745098039216,
        0.37254901960784315,
        0.45098039215686275,
        0.3333333333333333,
        0.39215686274509803,
        0.49019607843137253,
        0.7450980392156863
      ]
    },
    "run_ids": {
      "fedavg": "e68ee0ce219dc5d3ea31748ca7f3efea",
      "moon": "27e87e883f23486d06f819f638b20d08",
      "scaffold": "0867bed61d3ec64e0f89a602d3bd98e5",
      "flex": "284227f64418ce1a186e326fd429bad5"
    }
  },
  "section8": {
    "CE_loss": 2.3392194271087647,
    "contrastive_loss": 0.6931473016738892,
    "mu": 1.0
  },
  "section9": {
    "fedavg_at_least_70pct_of_centralized_iid2": false,
    "moon_mu0_matches_fedavg": false,
    "scaffold_zero_matches_fedavg": false,
    "all_curves_generally_increasing": false,
    "any_client_stuck_at_zero_accuracy": true
  }
}