{
  "run_id": "26867a2764b2dc9170061bf2e2b62e12",
  "method": "moon",
  "alpha": 0.3,
  "dataset": "cifar10",
  "seed": 6,
  "status": "SUCCESS",
  "rounds_expected": 5,
  "rounds_completed": 5,
  "error": null,
  "dataset_hash": "bff1b794a23a4e0d80780b7b82585dae4e240401a5b05795d8f9f65c9b7ed92f",
  "preprocessing": "dataset_loader_default",
  "metrics": {
    "per_round": [
      {
        "round": 1,
        "global_metrics": {
          "mean_client_accuracy": 0.16666666666666666,
          "worst_client_accuracy": 0.0,
          "p10_client_accuracy": 0.0,
          "client_accuracies": {
            "0": 0.0,
            "1": 0.0,
            "2": 0.75,
            "3": 0.08333333333333333,
            "4": 0.0,
            "5": 0.3333333333333333,
            "6": 0.08333333333333333,
            "7": 0.0,
            "8": 0.08333333333333333,
            "9": 0.3333333333333333
          }
        },
        "communication": {
          "round_client_to_server_bytes": 24730000,
          "round_server_to_client_bytes": 24730000,
          "round_total_bytes": 49460000
        }
      },
      {
        "round": 2,
        "global_metrics": {
          "mean_client_accuracy": 0.09999999999999999,
          "worst_client_accuracy": 0.0,
          "p10_client_accuracy": 0.0,
          "client_accuracies": {
            "0": 0.0,
            "1": 0.0,
            "2": 0.08333333333333333,
            "3": 0.0,
            "4": 0.08333333333333333,
            "5": 0.0,
            "6": 0.25,
            "7": 0.0,
            "8": 0.4166666666666667,
            "9": 0.16666666666666666
          }
        },
        "communication": {
          "round_client_to_server_bytes": 24730000,
          "round_server_to_client_bytes": 24730000,
          "round_total_bytes": 49460000
        }
      },
      {
        "round": 3,
        "global_metrics": {
          "mean_client_accuracy": 0.13333333333333333,
          "worst_client_accuracy": 0.0,
          "p10_client_accuracy": 0.0,
          "client_accuracies": {
            "0": 0.0,
            "1": 0.0,
            "2": 0.5833333333333334,
            "3": 0.08333333333333333,
            "4": 0.0,
            "5": 0.3333333333333333,
            "6": 0.0,
            "7": 0.0,
            "8": 0.0,
            "9": 0.3333333333333333
          }
        },
        "communication": {
          "round_client_to_server_bytes": 24730000,
          "round_server_to_client_bytes": 24730000,
          "round_total_bytes": 49460000
        }
      },
      {
        "round": 4,
        "global_metrics": {
          "mean_client_accuracy": 0.13333333333333333,
          "worst_client_accuracy": 0.0,
          "p10_client_accuracy": 0.0,
          "client_accuracies": {
            "0": 0.0,
            "1": 1.0,
            "2": 0.08333333333333333,
            "3": 0.0,
            "4": 0.0,
            "5": 0.0,
            "6": 0.0,
            "7": 0.16666666666666666,
            "8": 0.0,
            "9": 0.08333333333333333
          }
        },
        "communication": {
          "round_client_to_server_bytes": 24730000,
          "round_server_to_client_bytes": 24730000,
          "round_total_bytes": 49460000
        }
      },
      {
        "round": 5,
        "global_metrics": {
          "mean_client_accuracy": 0.13333333333333333,
          "worst_client_accuracy": 0.0,
          "p10_client_accuracy": 0.0,
          "client_accuracies": {
            "0": 0.0,
            "1": 0.0,
            "2": 0.5833333333333334,
            "3": 0.08333333333333333,
            "4": 0.0,
            "5": 0.3333333333333333,
            "6": 0.0,
            "7": 0.0,
            "8": 0.0,
            "9": 0.3333333333333333
          }
        },
        "communication": {
          "round_client_to_server_bytes": 24730000,
          "round_server_to_client_bytes": 24730000,
          "round_total_bytes": 49460000
        }
      }
    ],
    "final": {
      "mean_client_accuracy": 0.13333333333333333,
      "worst_client_accuracy": 0.0,
      "p10_client_accuracy": 0.0,
      "client_accuracies": {
        "0": 0.0,
        "1": 0.0,
        "2": 0.5833333333333334,
        "3": 0.08333333333333333,
        "4": 0.0,
        "5": 0.3333333333333333,
        "6": 0.0,
        "7": 0.0,
        "8": 0.0,
        "9": 0.3333333333333333
      }
    }
  },
  "communication": {
    "total_bytes": 247300000.0
  },
  "config": {
    "method": "moon",
    "dataset": "cifar10",
    "alpha": 0.3,
    "seed": 6,
    "rounds": 5,
    "local_epochs": 1,
    "max_samples_per_client": 64,
    "require_gpu": false
  },
  "execution": {
    "attempts": 1,
    "status": "success",
    "last_error": null,
    "saved_at": "2026-04-13T19:43:48.725999+00:00"
  }
}