{
  "run_id": "2d419b555298b28a37a7045e4bb40967",
  "method": "moon",
  "alpha": 0.1,
  "dataset": "cifar10",
  "seed": 42,
  "status": "SUCCESS",
  "rounds_expected": 6,
  "rounds_completed": 6,
  "error": null,
  "dataset_hash": "a821e3af0609e32d4537612ca588b995b954d50f6394d9e5c70225bdfa12729b",
  "preprocessing": "dataset_loader_default",
  "metrics": {
    "per_round": [
      {
        "round": 1,
        "global_metrics": {
          "mean_client_accuracy": 0.15811051693404635,
          "worst_client_accuracy": 0.0,
          "p10_client_accuracy": 0.0,
          "client_accuracies": {
            "0": 0.6666666666666666,
            "1": 0.09803921568627451,
            "2": 0.0,
            "3": 0.0,
            "4": 0.7254901960784313,
            "5": 0.0,
            "6": 0.0,
            "7": 0.0,
            "8": 0.0,
            "9": 0.09090909090909091
          }
        },
        "communication": {
          "round_client_to_server_bytes": 24730000,
          "round_server_to_client_bytes": 24730000,
          "round_total_bytes": 49460000
        }
      },
      {
        "round": 2,
        "global_metrics": {
          "mean_client_accuracy": 0.15811051693404635,
          "worst_client_accuracy": 0.0,
          "p10_client_accuracy": 0.0,
          "client_accuracies": {
            "0": 0.6666666666666666,
            "1": 0.09803921568627451,
            "2": 0.0,
            "3": 0.0,
            "4": 0.7254901960784313,
            "5": 0.0,
            "6": 0.0,
            "7": 0.0,
            "8": 0.0,
            "9": 0.09090909090909091
          }
        },
        "communication": {
          "round_client_to_server_bytes": 24730000,
          "round_server_to_client_bytes": 24730000,
          "round_total_bytes": 49460000
        }
      },
      {
        "round": 3,
        "global_metrics": {
          "mean_client_accuracy": 0.08431372549019607,
          "worst_client_accuracy": 0.0,
          "p10_client_accuracy": 0.0,
          "client_accuracies": {
            "0": 0.0,
            "1": 0.0,
            "2": 0.0,
            "3": 0.058823529411764705,
            "4": 0.0,
            "5": 0.0,
            "6": 0.21568627450980393,
            "7": 0.0392156862745098,
            "8": 0.19607843137254902,
            "9": 0.3333333333333333
          }
        },
        "communication": {
          "round_client_to_server_bytes": 24730000,
          "round_server_to_client_bytes": 24730000,
          "round_total_bytes": 49460000
        }
      },
      {
        "round": 4,
        "global_metrics": {
          "mean_client_accuracy": 0.1429590017825312,
          "worst_client_accuracy": 0.0,
          "p10_client_accuracy": 0.0,
          "client_accuracies": {
            "0": 0.13725490196078433,
            "1": 0.0196078431372549,
            "2": 0.0,
            "3": 0.0,
            "4": 0.2549019607843137,
            "5": 0.0,
            "6": 0.0,
            "7": 0.13725490196078433,
            "8": 0.27450980392156865,
            "9": 0.6060606060606061
          }
        },
        "communication": {
          "round_client_to_server_bytes": 24730000,
          "round_server_to_client_bytes": 24730000,
          "round_total_bytes": 49460000
        }
      },
      {
        "round": 5,
        "global_metrics": {
          "mean_client_accuracy": 0.2333333333333333,
          "worst_client_accuracy": 0.0,
          "p10_client_accuracy": 0.0,
          "client_accuracies": {
            "0": 0.5098039215686274,
            "1": 0.09803921568627451,
            "2": 0.0,
            "3": 0.0,
            "4": 0.6470588235294118,
            "5": 0.0,
            "6": 0.0,
            "7": 0.13725490196078433,
            "8": 0.27450980392156865,
            "9": 0.6666666666666666
          }
        },
        "communication": {
          "round_client_to_server_bytes": 24730000,
          "round_server_to_client_bytes": 24730000,
          "round_total_bytes": 49460000
        }
      },
      {
        "round": 6,
        "global_metrics": {
          "mean_client_accuracy": 0.2270944741532977,
          "worst_client_accuracy": 0.0,
          "p10_client_accuracy": 0.0,
          "client_accuracies": {
            "0": 0.5686274509803921,
            "1": 0.09803921568627451,
            "2": 0.0,
            "3": 0.0,
            "4": 0.7254901960784313,
            "5": 0.0,
            "6": 0.0,
            "7": 0.11764705882352941,
            "8": 0.21568627450980393,
            "9": 0.5454545454545454
          }
        },
        "communication": {
          "round_client_to_server_bytes": 24730000,
          "round_server_to_client_bytes": 24730000,
          "round_total_bytes": 49460000
        }
      }
    ],
    "final": {
      "mean_client_accuracy": 0.2270944741532977,
      "worst_client_accuracy": 0.0,
      "p10_client_accuracy": 0.0,
      "client_accuracies": {
        "0": 0.5686274509803921,
        "1": 0.09803921568627451,
        "2": 0.0,
        "3": 0.0,
        "4": 0.7254901960784313,
        "5": 0.0,
        "6": 0.0,
        "7": 0.11764705882352941,
        "8": 0.21568627450980393,
        "9": 0.5454545454545454
      }
    }
  },
  "communication": {
    "total_bytes": 296760000.0
  },
  "config": {
    "method": "moon",
    "dataset": "cifar10",
    "alpha": 0.1,
    "seed": 42,
    "rounds": 6,
    "local_epochs": 2,
    "max_samples_per_client": 256,
    "require_gpu": false
  },
  "execution": {
    "attempts": 1,
    "status": "success",
    "last_error": null,
    "saved_at": "2026-04-18T08:39:24.533919+00:00"
  }
}