{
  "run_id": "3649abd9ba2a3ba7ec24e1b2d2027aba",
  "method": "moon",
  "alpha": 0.5,
  "dataset": "cifar100",
  "seed": 44,
  "status": "SUCCESS",
  "rounds_expected": 6,
  "rounds_completed": 6,
  "error": null,
  "dataset_hash": "95e77821d673cd110eacd5cd2e649a97b90594c5cf6f084cd104eae818c6ca9d",
  "preprocessing": "dataset_loader_default",
  "metrics": {
    "per_round": [
      {
        "round": 1,
        "global_metrics": {
          "mean_client_accuracy": 0.00784313725490196,
          "worst_client_accuracy": 0.0,
          "p10_client_accuracy": 0.0,
          "client_accuracies": {
            "0": 0.0196078431372549,
            "1": 0.0,
            "2": 0.0196078431372549,
            "3": 0.0196078431372549,
            "4": 0.0,
            "5": 0.0,
            "6": 0.0196078431372549,
            "7": 0.0,
            "8": 0.0,
            "9": 0.0
          }
        },
        "communication": {
          "round_client_to_server_bytes": 24964000,
          "round_server_to_client_bytes": 24964000,
          "round_total_bytes": 49928000
        }
      },
      {
        "round": 2,
        "global_metrics": {
          "mean_client_accuracy": 0.00784313725490196,
          "worst_client_accuracy": 0.0,
          "p10_client_accuracy": 0.0,
          "client_accuracies": {
            "0": 0.0196078431372549,
            "1": 0.0,
            "2": 0.0196078431372549,
            "3": 0.0196078431372549,
            "4": 0.0,
            "5": 0.0,
            "6": 0.0196078431372549,
            "7": 0.0,
            "8": 0.0,
            "9": 0.0
          }
        },
        "communication": {
          "round_client_to_server_bytes": 24964000,
          "round_server_to_client_bytes": 24964000,
          "round_total_bytes": 49928000
        }
      },
      {
        "round": 3,
        "global_metrics": {
          "mean_client_accuracy": 0.0058823529411764705,
          "worst_client_accuracy": 0.0,
          "p10_client_accuracy": 0.0,
          "client_accuracies": {
            "0": 0.0,
            "1": 0.0,
            "2": 0.0,
            "3": 0.0196078431372549,
            "4": 0.0,
            "5": 0.0,
            "6": 0.0,
            "7": 0.0,
            "8": 0.0,
            "9": 0.0392156862745098
          }
        },
        "communication": {
          "round_client_to_server_bytes": 24964000,
          "round_server_to_client_bytes": 24964000,
          "round_total_bytes": 49928000
        }
      },
      {
        "round": 4,
        "global_metrics": {
          "mean_client_accuracy": 0.0,
          "worst_client_accuracy": 0.0,
          "p10_client_accuracy": 0.0,
          "client_accuracies": {
            "0": 0.0,
            "1": 0.0,
            "2": 0.0,
            "3": 0.0,
            "4": 0.0,
            "5": 0.0,
            "6": 0.0,
            "7": 0.0,
            "8": 0.0,
            "9": 0.0
          }
        },
        "communication": {
          "round_client_to_server_bytes": 24964000,
          "round_server_to_client_bytes": 24964000,
          "round_total_bytes": 49928000
        }
      },
      {
        "round": 5,
        "global_metrics": {
          "mean_client_accuracy": 0.01764705882352941,
          "worst_client_accuracy": 0.0,
          "p10_client_accuracy": 0.0,
          "client_accuracies": {
            "0": 0.0196078431372549,
            "1": 0.0392156862745098,
            "2": 0.0,
            "3": 0.0,
            "4": 0.0196078431372549,
            "5": 0.0,
            "6": 0.0,
            "7": 0.0,
            "8": 0.0392156862745098,
            "9": 0.058823529411764705
          }
        },
        "communication": {
          "round_client_to_server_bytes": 24964000,
          "round_server_to_client_bytes": 24964000,
          "round_total_bytes": 49928000
        }
      },
      {
        "round": 6,
        "global_metrics": {
          "mean_client_accuracy": 0.0196078431372549,
          "worst_client_accuracy": 0.0,
          "p10_client_accuracy": 0.0,
          "client_accuracies": {
            "0": 0.0392156862745098,
            "1": 0.0392156862745098,
            "2": 0.0,
            "3": 0.0,
            "4": 0.0196078431372549,
            "5": 0.0,
            "6": 0.0,
            "7": 0.0196078431372549,
            "8": 0.0392156862745098,
            "9": 0.0392156862745098
          }
        },
        "communication": {
          "round_client_to_server_bytes": 24964000,
          "round_server_to_client_bytes": 24964000,
          "round_total_bytes": 49928000
        }
      }
    ],
    "final": {
      "mean_client_accuracy": 0.0196078431372549,
      "worst_client_accuracy": 0.0,
      "p10_client_accuracy": 0.0,
      "client_accuracies": {
        "0": 0.0392156862745098,
        "1": 0.0392156862745098,
        "2": 0.0,
        "3": 0.0,
        "4": 0.0196078431372549,
        "5": 0.0,
        "6": 0.0,
        "7": 0.0196078431372549,
        "8": 0.0392156862745098,
        "9": 0.0392156862745098
      }
    }
  },
  "communication": {
    "total_bytes": 299568000.0
  },
  "config": {
    "method": "moon",
    "dataset": "cifar100",
    "alpha": 0.5,
    "seed": 44,
    "rounds": 6,
    "local_epochs": 2,
    "max_samples_per_client": 256,
    "require_gpu": false
  },
  "execution": {
    "attempts": 1,
    "status": "success",
    "last_error": null,
    "saved_at": "2026-04-18T08:44:24.862074+00:00"
  }
}