{
  "run_id": "3fc1fc21f38a67f04bbf1f0666f613fc",
  "method": "moon",
  "alpha": 0.5,
  "dataset": "cifar10",
  "seed": 43,
  "status": "SUCCESS",
  "rounds_expected": 6,
  "rounds_completed": 6,
  "error": null,
  "dataset_hash": "158cad7c184ceba2eac0670d7c333ad3ba21a173cb31e95e4beb01b44ab9bd7c",
  "preprocessing": "dataset_loader_default",
  "metrics": {
    "per_round": [
      {
        "round": 1,
        "global_metrics": {
          "mean_client_accuracy": 0.10085251491901108,
          "worst_client_accuracy": 0.0,
          "p10_client_accuracy": 0.0,
          "client_accuracies": {
            "0": 0.09803921568627451,
            "1": 0.0196078431372549,
            "2": 0.08695652173913043,
            "3": 0.2549019607843137,
            "4": 0.21568627450980393,
            "5": 0.0196078431372549,
            "6": 0.29411764705882354,
            "7": 0.0,
            "8": 0.0,
            "9": 0.0196078431372549
          }
        },
        "communication": {
          "round_client_to_server_bytes": 24730000,
          "round_server_to_client_bytes": 24730000,
          "round_total_bytes": 49460000
        }
      },
      {
        "round": 2,
        "global_metrics": {
          "mean_client_accuracy": 0.0969309462915601,
          "worst_client_accuracy": 0.0,
          "p10_client_accuracy": 0.0,
          "client_accuracies": {
            "0": 0.0784313725490196,
            "1": 0.0196078431372549,
            "2": 0.08695652173913043,
            "3": 0.2549019607843137,
            "4": 0.21568627450980393,
            "5": 0.0,
            "6": 0.29411764705882354,
            "7": 0.0,
            "8": 0.0,
            "9": 0.0196078431372549
          }
        },
        "communication": {
          "round_client_to_server_bytes": 24730000,
          "round_server_to_client_bytes": 24730000,
          "round_total_bytes": 49460000
        }
      },
      {
        "round": 3,
        "global_metrics": {
          "mean_client_accuracy": 0.17600170502983803,
          "worst_client_accuracy": 0.0196078431372549,
          "p10_client_accuracy": 0.03725490196078431,
          "client_accuracies": {
            "0": 0.1568627450980392,
            "1": 0.1568627450980392,
            "2": 0.15217391304347827,
            "3": 0.2549019607843137,
            "4": 0.19607843137254902,
            "5": 0.0196078431372549,
            "6": 0.0392156862745098,
            "7": 0.21568627450980393,
            "8": 0.2549019607843137,
            "9": 0.3137254901960784
          }
        },
        "communication": {
          "round_client_to_server_bytes": 24730000,
          "round_server_to_client_bytes": 24730000,
          "round_total_bytes": 49460000
        }
      },
      {
        "round": 4,
        "global_metrics": {
          "mean_client_accuracy": 0.16291560102301791,
          "worst_client_accuracy": 0.0196078431372549,
          "p10_client_accuracy": 0.0196078431372549,
          "client_accuracies": {
            "0": 0.0196078431372549,
            "1": 0.17647058823529413,
            "2": 0.21739130434782608,
            "3": 0.29411764705882354,
            "4": 0.0784313725490196,
            "5": 0.0392156862745098,
            "6": 0.0196078431372549,
            "7": 0.13725490196078433,
            "8": 0.27450980392156865,
            "9": 0.37254901960784315
          }
        },
        "communication": {
          "round_client_to_server_bytes": 24730000,
          "round_server_to_client_bytes": 24730000,
          "round_total_bytes": 49460000
        }
      },
      {
        "round": 5,
        "global_metrics": {
          "mean_client_accuracy": 0.22566069906223357,
          "worst_client_accuracy": 0.13725490196078433,
          "p10_client_accuracy": 0.13725490196078433,
          "client_accuracies": {
            "0": 0.29411764705882354,
            "1": 0.13725490196078433,
            "2": 0.21739130434782608,
            "3": 0.27450980392156865,
            "4": 0.3333333333333333,
            "5": 0.3137254901960784,
            "6": 0.17647058823529413,
            "7": 0.23529411764705882,
            "8": 0.13725490196078433,
            "9": 0.13725490196078433
          }
        },
        "communication": {
          "round_client_to_server_bytes": 24730000,
          "round_server_to_client_bytes": 24730000,
          "round_total_bytes": 49460000
        }
      },
      {
        "round": 6,
        "global_metrics": {
          "mean_client_accuracy": 0.20669224211423698,
          "worst_client_accuracy": 0.0784313725490196,
          "p10_client_accuracy": 0.09607843137254903,
          "client_accuracies": {
            "0": 0.27450980392156865,
            "1": 0.17647058823529413,
            "2": 0.2826086956521739,
            "3": 0.3137254901960784,
            "4": 0.2549019607843137,
            "5": 0.2549019607843137,
            "6": 0.17647058823529413,
            "7": 0.09803921568627451,
            "8": 0.0784313725490196,
            "9": 0.1568627450980392
          }
        },
        "communication": {
          "round_client_to_server_bytes": 24730000,
          "round_server_to_client_bytes": 24730000,
          "round_total_bytes": 49460000
        }
      }
    ],
    "final": {
      "mean_client_accuracy": 0.20669224211423698,
      "worst_client_accuracy": 0.0784313725490196,
      "p10_client_accuracy": 0.09607843137254903,
      "client_accuracies": {
        "0": 0.27450980392156865,
        "1": 0.17647058823529413,
        "2": 0.2826086956521739,
        "3": 0.3137254901960784,
        "4": 0.2549019607843137,
        "5": 0.2549019607843137,
        "6": 0.17647058823529413,
        "7": 0.09803921568627451,
        "8": 0.0784313725490196,
        "9": 0.1568627450980392
      }
    }
  },
  "communication": {
    "total_bytes": 296760000.0
  },
  "config": {
    "method": "moon",
    "dataset": "cifar10",
    "alpha": 0.5,
    "seed": 43,
    "rounds": 6,
    "local_epochs": 2,
    "max_samples_per_client": 256,
    "require_gpu": false
  },
  "execution": {
    "attempts": 1,
    "status": "success",
    "last_error": null,
    "saved_at": "2026-04-18T08:41:05.561195+00:00"
  }
}