{
  "run_id": "4047c937d51594bfd0e93ca480825e22",
  "method": "scaffold",
  "alpha": 0.1,
  "dataset": "cifar10",
  "seed": 44,
  "status": "SUCCESS",
  "rounds_expected": 6,
  "rounds_completed": 6,
  "error": null,
  "dataset_hash": "a4a8390146514c94bc4640b23b9cdc020392b5d77b214895dc67e02672021ae9",
  "preprocessing": "dataset_loader_default",
  "metrics": {
    "per_round": [
      {
        "round": 1,
        "global_metrics": {
          "mean_client_accuracy": 0.1698529411764706,
          "worst_client_accuracy": 0.0,
          "p10_client_accuracy": 0.0,
          "client_accuracies": {
            "0": 0.0392156862745098,
            "1": 0.13725490196078433,
            "2": 0.0,
            "3": 0.0,
            "4": 0.375,
            "5": 0.1568627450980392,
            "6": 0.0,
            "7": 0.49019607843137253,
            "8": 0.5,
            "9": 0.0
          }
        },
        "communication": {
          "round_client_to_server_bytes": 24730000,
          "round_server_to_client_bytes": 24730000,
          "round_total_bytes": 49460000
        }
      },
      {
        "round": 2,
        "global_metrics": {
          "mean_client_accuracy": 0.2298270612592863,
          "worst_client_accuracy": 0.0,
          "p10_client_accuracy": 0.0,
          "client_accuracies": {
            "0": 0.0,
            "1": 0.13725490196078433,
            "2": 0.0,
            "3": 0.7428571428571429,
            "4": 0.0,
            "5": 0.35294117647058826,
            "6": 1.0,
            "7": 0.0,
            "8": 0.06521739130434782,
            "9": 0.0
          }
        },
        "communication": {
          "round_client_to_server_bytes": 24730000,
          "round_server_to_client_bytes": 24730000,
          "round_total_bytes": 49460000
        }
      },
      {
        "round": 3,
        "global_metrics": {
          "mean_client_accuracy": 0.15017050298380225,
          "worst_client_accuracy": 0.0,
          "p10_client_accuracy": 0.0,
          "client_accuracies": {
            "0": 0.0392156862745098,
            "1": 0.13725490196078433,
            "2": 0.0,
            "3": 0.0,
            "4": 0.5,
            "5": 0.13725490196078433,
            "6": 0.0,
            "7": 0.47058823529411764,
            "8": 0.21739130434782608,
            "9": 0.0
          }
        },
        "communication": {
          "round_client_to_server_bytes": 24730000,
          "round_server_to_client_bytes": 24730000,
          "round_total_bytes": 49460000
        }
      },
      {
        "round": 4,
        "global_metrics": {
          "mean_client_accuracy": 0.2298270612592863,
          "worst_client_accuracy": 0.0,
          "p10_client_accuracy": 0.0,
          "client_accuracies": {
            "0": 0.0,
            "1": 0.13725490196078433,
            "2": 0.0,
            "3": 0.7428571428571429,
            "4": 0.0,
            "5": 0.35294117647058826,
            "6": 1.0,
            "7": 0.0,
            "8": 0.06521739130434782,
            "9": 0.0
          }
        },
        "communication": {
          "round_client_to_server_bytes": 24730000,
          "round_server_to_client_bytes": 24730000,
          "round_total_bytes": 49460000
        }
      },
      {
        "round": 5,
        "global_metrics": {
          "mean_client_accuracy": 0.15017050298380225,
          "worst_client_accuracy": 0.0,
          "p10_client_accuracy": 0.0,
          "client_accuracies": {
            "0": 0.0392156862745098,
            "1": 0.13725490196078433,
            "2": 0.0,
            "3": 0.0,
            "4": 0.5,
            "5": 0.13725490196078433,
            "6": 0.0,
            "7": 0.47058823529411764,
            "8": 0.21739130434782608,
            "9": 0.0
          }
        },
        "communication": {
          "round_client_to_server_bytes": 24730000,
          "round_server_to_client_bytes": 24730000,
          "round_total_bytes": 49460000
        }
      },
      {
        "round": 6,
        "global_metrics": {
          "mean_client_accuracy": 0.2298270612592863,
          "worst_client_accuracy": 0.0,
          "p10_client_accuracy": 0.0,
          "client_accuracies": {
            "0": 0.0,
            "1": 0.13725490196078433,
            "2": 0.0,
            "3": 0.7428571428571429,
            "4": 0.0,
            "5": 0.35294117647058826,
            "6": 1.0,
            "7": 0.0,
            "8": 0.06521739130434782,
            "9": 0.0
          }
        },
        "communication": {
          "round_client_to_server_bytes": 24730000,
          "round_server_to_client_bytes": 24730000,
          "round_total_bytes": 49460000
        }
      }
    ],
    "final": {
      "mean_client_accuracy": 0.2298270612592863,
      "worst_client_accuracy": 0.0,
      "p10_client_accuracy": 0.0,
      "client_accuracies": {
        "0": 0.0,
        "1": 0.13725490196078433,
        "2": 0.0,
        "3": 0.7428571428571429,
        "4": 0.0,
        "5": 0.35294117647058826,
        "6": 1.0,
        "7": 0.0,
        "8": 0.06521739130434782,
        "9": 0.0
      }
    }
  },
  "communication": {
    "total_bytes": 296760000.0
  },
  "config": {
    "method": "scaffold",
    "dataset": "cifar10",
    "alpha": 0.1,
    "seed": 44,
    "rounds": 6,
    "local_epochs": 2,
    "max_samples_per_client": 256,
    "require_gpu": false
  },
  "execution": {
    "attempts": 1,
    "status": "success",
    "last_error": null,
    "saved_at": "2026-04-18T08:44:43.539407+00:00"
  }
}