{
  "run_id": "4313c73d8ab1cc116ddf9b8db6a0e223",
  "method": "fedavg",
  "dataset": "cifar10",
  "alpha": 0.3,
  "seed": 4,
  "status": "SUCCESS",
  "rounds_expected": 5,
  "rounds_completed": 5,
  "error": null,
  "dataset_hash": "b2b4f594441154673f069676611529e52669fb68f2317e30d201c3fc021cc812",
  "preprocessing": "dataset_loader_default",
  "metrics": {
    "per_round": [
      {
        "round": 1,
        "client_metrics": {
          "0": {
            "local_loss": 2.4429380893707275
          },
          "1": {
            "local_loss": 2.403465509414673
          },
          "2": {
            "local_loss": 2.1890552043914795
          },
          "3": {
            "local_loss": 2.334068775177002
          },
          "4": {
            "local_loss": 2.4742817878723145
          },
          "5": {
            "local_loss": 2.317403554916382
          },
          "6": {
            "local_loss": 2.3062264919281006
          },
          "7": {
            "local_loss": 2.300787925720215
          },
          "8": {
            "local_loss": 2.2218306064605713
          },
          "9": {
            "local_loss": 2.3722383975982666
          }
        },
        "global_metrics": {
          "mean_client_accuracy": 0.125,
          "worst_client_accuracy": 0.0,
          "p10_client_accuracy": 0.0,
          "bottom3_client_accuracy": 0.0,
          "worst_group_accuracy": 0.125,
          "client_accuracies": {
            "0": 0.0,
            "1": 0.3333333333333333,
            "2": 0.3333333333333333,
            "3": 0.16666666666666666,
            "4": 0.08333333333333333,
            "5": 0.0,
            "6": 0.0,
            "7": 0.0,
            "8": 0.0,
            "9": 0.3333333333333333
          }
        },
        "communication": {
          "round_client_to_server_bytes": 24730000,
          "round_server_to_client_bytes": 24730000,
          "round_total_bytes": 49460000
        }
      },
      {
        "round": 2,
        "client_metrics": {
          "0": {
            "local_loss": 2.321108341217041
          },
          "1": {
            "local_loss": 2.2333245277404785
          },
          "2": {
            "local_loss": 2.440964698791504
          },
          "3": {
            "local_loss": 2.2507829666137695
          },
          "4": {
            "local_loss": 2.2278873920440674
          },
          "5": {
            "local_loss": 2.2549450397491455
          },
          "6": {
            "local_loss": 2.281282901763916
          },
          "7": {
            "local_loss": 2.2915918827056885
          },
          "8": {
            "local_loss": 2.5456771850585938
          },
          "9": {
            "local_loss": 2.16937518119812
          }
        },
        "global_metrics": {
          "mean_client_accuracy": 0.175,
          "worst_client_accuracy": 0.0,
          "p10_client_accuracy": 0.0,
          "bottom3_client_accuracy": 0.027777777777777776,
          "worst_group_accuracy": 0.175,
          "client_accuracies": {
            "0": 0.08333333333333333,
            "1": 0.2222222222222222,
            "2": 0.3333333333333333,
            "3": 0.25,
            "4": 0.0,
            "5": 0.25,
            "6": 0.16666666666666666,
            "7": 0.3333333333333333,
            "8": 0.0,
            "9": 0.1111111111111111
          }
        },
        "communication": {
          "round_client_to_server_bytes": 24730000,
          "round_server_to_client_bytes": 24730000,
          "round_total_bytes": 49460000
        }
      },
      {
        "round": 3,
        "client_metrics": {
          "0": {
            "local_loss": 2.308789014816284
          },
          "1": {
            "local_loss": 2.2362289428710938
          },
          "2": {
            "local_loss": 2.3238697052001953
          },
          "3": {
            "local_loss": 2.2492403984069824
          },
          "4": {
            "local_loss": 2.26298189163208
          },
          "5": {
            "local_loss": 2.236720085144043
          },
          "6": {
            "local_loss": 2.2467799186706543
          },
          "7": {
            "local_loss": 2.2259092330932617
          },
          "8": {
            "local_loss": 2.444873332977295
          },
          "9": {
            "local_loss": 2.2042458057403564
          }
        },
        "global_metrics": {
          "mean_client_accuracy": 0.18055555555555555,
          "worst_client_accuracy": 0.0,
          "p10_client_accuracy": 0.0,
          "bottom3_client_accuracy": 0.027777777777777776,
          "worst_group_accuracy": 0.18055555555555555,
          "client_accuracies": {
            "0": 0.08333333333333333,
            "1": 0.1111111111111111,
            "2": 0.25,
            "3": 0.16666666666666666,
            "4": 0.0,
            "5": 0.3333333333333333,
            "6": 0.25,
            "7": 0.5,
            "8": 0.0,
            "9": 0.1111111111111111
          }
        },
        "communication": {
          "round_client_to_server_bytes": 24730000,
          "round_server_to_client_bytes": 24730000,
          "round_total_bytes": 49460000
        }
      },
      {
        "round": 4,
        "client_metrics": {
          "0": {
            "local_loss": 2.3079140186309814
          },
          "1": {
            "local_loss": 2.245908737182617
          },
          "2": {
            "local_loss": 2.222482442855835
          },
          "3": {
            "local_loss": 2.2549405097961426
          },
          "4": {
            "local_loss": 2.300928831100464
          },
          "5": {
            "local_loss": 2.23249888420105
          },
          "6": {
            "local_loss": 2.2260355949401855
          },
          "7": {
            "local_loss": 2.1876137256622314
          },
          "8": {
            "local_loss": 2.352797508239746
          },
          "9": {
            "local_loss": 2.234739065170288
          }
        },
        "global_metrics": {
          "mean_client_accuracy": 0.1,
          "worst_client_accuracy": 0.0,
          "p10_client_accuracy": 0.0,
          "bottom3_client_accuracy": 0.0,
          "worst_group_accuracy": 0.1,
          "client_accuracies": {
            "0": 0.0,
            "1": 0.0,
            "2": 0.08333333333333333,
            "3": 0.0,
            "4": 0.0,
            "5": 0.25,
            "6": 0.3333333333333333,
            "7": 0.3333333333333333,
            "8": 0.0,
            "9": 0.0
          }
        },
        "communication": {
          "round_client_to_server_bytes": 24730000,
          "round_server_to_client_bytes": 24730000,
          "round_total_bytes": 49460000
        }
      },
      {
        "round": 5,
        "client_metrics": {
          "0": {
            "local_loss": 2.309290885925293
          },
          "1": {
            "local_loss": 2.248065710067749
          },
          "2": {
            "local_loss": 2.153686046600342
          },
          "3": {
            "local_loss": 2.2586300373077393
          },
          "4": {
            "local_loss": 2.326155662536621
          },
          "5": {
            "local_loss": 2.229550838470459
          },
          "6": {
            "local_loss": 2.2129740715026855
          },
          "7": {
            "local_loss": 2.1678500175476074
          },
          "8": {
            "local_loss": 2.285784959793091
          },
          "9": {
            "local_loss": 2.2484617233276367
          }
        },
        "global_metrics": {
          "mean_client_accuracy": 0.1,
          "worst_client_accuracy": 0.0,
          "p10_client_accuracy": 0.0,
          "bottom3_client_accuracy": 0.0,
          "worst_group_accuracy": 0.1,
          "client_accuracies": {
            "0": 0.0,
            "1": 0.0,
            "2": 0.08333333333333333,
            "3": 0.0,
            "4": 0.0,
            "5": 0.25,