{
  "run_id": "448919622ea31433e62ebc50f5052990",
  "method": "fedavg",
  "dataset": "cifar10",
  "alpha": 0.5,
  "seed": 43,
  "status": "SUCCESS",
  "rounds_expected": 6,
  "rounds_completed": 6,
  "error": null,
  "dataset_hash": "158cad7c184ceba2eac0670d7c333ad3ba21a173cb31e95e4beb01b44ab9bd7c",
  "preprocessing": "dataset_loader_default",
  "metrics": {
    "per_round": [
      {
        "round": 1,
        "client_metrics": {
          "0": {
            "local_loss": 2.042913659025983
          },
          "1": {
            "local_loss": 1.921568284965143
          },
          "2": {
            "local_loss": 2.086663184939204
          },
          "3": {
            "local_loss": 1.926023663253319
          },
          "4": {
            "local_loss": 1.940707727757896
          },
          "5": {
            "local_loss": 1.9983069664094506
          },
          "6": {
            "local_loss": 2.058957147016758
          },
          "7": {
            "local_loss": 1.9522748208627467
          },
          "8": {
            "local_loss": 2.014083716055242
          },
          "9": {
            "local_loss": 1.9417704023965976
          }
        },
        "global_metrics": {
          "mean_client_accuracy": 0.10085251491901108,
          "worst_client_accuracy": 0.0,
          "p10_client_accuracy": 0.0,
          "bottom3_client_accuracy": 0.006535947712418301,
          "worst_group_accuracy": 0.10085251491901108,
          "client_accuracies": {
            "0": 0.09803921568627451,
            "1": 0.0196078431372549,
            "2": 0.08695652173913043,
            "3": 0.2549019607843137,
            "4": 0.21568627450980393,
            "5": 0.0196078431372549,
            "6": 0.29411764705882354,
            "7": 0.0,
            "8": 0.0,
            "9": 0.0196078431372549
          }
        },
        "communication": {
          "round_client_to_server_bytes": 24730000,
          "round_server_to_client_bytes": 24730000,
          "round_total_bytes": 49460000
        }
      },
      {
        "round": 2,
        "client_metrics": {
          "0": {
            "local_loss": 2.0010258651361235
          },
          "1": {
            "local_loss": 2.017049383826372
          },
          "2": {
            "local_loss": 2.0294010561865727
          },
          "3": {
            "local_loss": 1.9020502215478479
          },
          "4": {
            "local_loss": 1.876062653413633
          },
          "5": {
            "local_loss": 2.005483154552739
          },
          "6": {
            "local_loss": 2.0176069410835824
          },
          "7": {
            "local_loss": 1.959204351029745
          },
          "8": {
            "local_loss": 2.0029813667623007
          },
          "9": {
            "local_loss": 1.9823416654656574
          }
        },
        "global_metrics": {
          "mean_client_accuracy": 0.173614663256607,
          "worst_client_accuracy": 0.058823529411764705,
          "p10_client_accuracy": 0.058823529411764705,
          "bottom3_client_accuracy": 0.06535947712418301,
          "worst_group_accuracy": 0.173614663256607,
          "client_accuracies": {
            "0": 0.058823529411764705,
            "1": 0.0784313725490196,
            "2": 0.10869565217391304,
            "3": 0.23529411764705882,
            "4": 0.17647058823529413,
            "5": 0.3137254901960784,
            "6": 0.058823529411764705,
            "7": 0.21568627450980393,
            "8": 0.19607843137254902,
            "9": 0.29411764705882354
          }
        },
        "communication": {
          "round_client_to_server_bytes": 24730000,
          "round_server_to_client_bytes": 24730000,
          "round_total_bytes": 49460000
        }
      },
      {
        "round": 3,
        "client_metrics": {
          "0": {
            "local_loss": 1.9487951127494254
          },
          "1": {
            "local_loss": 1.9051319753251426
          },
          "2": {
            "local_loss": 1.999374642887631
          },
          "3": {
            "local_loss": 1.7902823107998544
          },
          "4": {
            "local_loss": 1.8532558284154752
          },
          "5": {
            "local_loss": 1.8980659534291524
          },
          "6": {
            "local_loss": 2.011972605891344
          },
          "7": {
            "local_loss": 1.7566753119957157
          },
          "8": {
            "local_loss": 1.9414192830644004
          },
          "9": {
            "local_loss": 1.826618990956283
          }
        },
        "global_metrics": {
          "mean_client_accuracy": 0.16508951406649616,
          "worst_client_accuracy": 0.0,
          "p10_client_accuracy": 0.0,
          "bottom3_client_accuracy": 0.0196078431372549,
          "worst_group_accuracy": 0.16508951406649616,
          "client_accuracies": {
            "0": 0.27450980392156865,
            "1": 0.13725490196078433,
            "2": 0.2391304347826087,
            "3": 0.3137254901960784,
            "4": 0.19607843137254902,
            "5": 0.21568627450980393,
            "6": 0.21568627450980393,
            "7": 0.0,
            "8": 0.0196078431372549,
            "9": 0.0392156862745098
          }
        },
        "communication": {
          "round_client_to_server_bytes": 24730000,
          "round_server_to_client_bytes": 24730000,
          "round_total_bytes": 49460000
        }
      },
      {
        "round": 4,
        "client_metrics": {
          "0": {
            "local_loss": 1.8046452048348218
          },
          "1": {
            "local_loss": 1.8770428666254368
          },
          "2": {
            "local_loss": 1.8938332963634181
          },
          "3": {
            "local_loss": 1.7193311281320525
          },
          "4": {
            "local_loss": 1.822943194028808
          },
          "5": {
            "local_loss": 1.8592806001988853
          },
          "6": {
            "local_loss": 1.9466817370275171
          },
          "7": {
            "local_loss": 1.7704056966595534
          },
          "8": {
            "local_loss": 1.8750524768015233
          },
          "9": {
            "local_loss": 1.8929858355987363
          }
        },
        "global_metrics": {
          "mean_client_accuracy": 0.306692242114237,
          "worst_client_accuracy": 0.09803921568627451,
          "p10_client_accuracy": 0.09803921568627451,
          "bottom3_client_accuracy": 0.22492185279909063,
          "worst_group_accuracy": 0.306692242114237,
          "client_accuracies": {
            "0": 0.3137254901960784,
            "1": 0.35294117647058826,
            "2": 0.2826086956521739,
            "3": 0.3137254901960784,
            "4": 0.35294117647058826,
            "5": 0.29411764705882354,
            "6": 0.09803921568627451,
            "7": 0.45098039215686275,
            "8": 0.29411764705882354,
            "9": 0.3137254901960784
          }
        },
        "communication": {
          "round_client_to_server_bytes": 24730000,
          "round_server_to_client_bytes": 24730000,
          "round_total_bytes": 49460000
        }
      },
      {
        "round": 5,
        "client_metrics": {
          "0": {
            "local_loss": 1.7712338430125538
          },
          "1": {
            "local_loss": 1.8225062062100665
          },
          "2": {
            "local_loss": 1.8357511942451064
          },
          "3": {
            "local_loss": 1.6821325246880694
          },
          "4": {
            "local_loss": 1.742840430213184
          },
          "5": {
            "local_loss": 1.7657182231182005
          },
          "6": {
            "local_loss": 1.88252336688158
          },
          "7": {
            "local_loss": 1.6430335853157974
          },
          "8": {
            "local_loss": 1.8098011848403186
          },