{
  "run_id": "4e98104f4d2f2130cca8f100f9047afa",
  "method": "fedavg",
  "dataset": "cifar10",
  "alpha": 0.5,
  "seed": 44,
  "status": "SUCCESS",
  "rounds_expected": 6,
  "rounds_completed": 6,
  "error": null,
  "dataset_hash": "800613002f67d5c2cfa21b79c80d0d128b3f2b4c4142433e9b1b0f93790d49b9",
  "preprocessing": "dataset_loader_default",
  "metrics": {
    "per_round": [
      {
        "round": 1,
        "client_metrics": {
          "0": {
            "local_loss": 2.03504872554686
          },
          "1": {
            "local_loss": 1.974139255139886
          },
          "2": {
            "local_loss": 2.0026320803456192
          },
          "3": {
            "local_loss": 2.1091019229191104
          },
          "4": {
            "local_loss": 2.0155711002466155
          },
          "5": {
            "local_loss": 2.0071861587072672
          },
          "6": {
            "local_loss": 2.0225166570849535
          },
          "7": {
            "local_loss": 1.9178376657206837
          },
          "8": {
            "local_loss": 2.066460557978788
          },
          "9": {
            "local_loss": 1.9653882244738137
          }
        },
        "global_metrics": {
          "mean_client_accuracy": 0.16820728291316528,
          "worst_client_accuracy": 0.0,
          "p10_client_accuracy": 0.0,
          "bottom3_client_accuracy": 0.0196078431372549,
          "worst_group_accuracy": 0.16820728291316528,
          "client_accuracies": {
            "0": 0.058823529411764705,
            "1": 0.27450980392156865,
            "2": 0.43137254901960786,
            "3": 0.27450980392156865,
            "4": 0.0,
            "5": 0.14285714285714285,
            "6": 0.058823529411764705,
            "7": 0.0,
            "8": 0.14705882352941177,
            "9": 0.29411764705882354
          }
        },
        "communication": {
          "round_client_to_server_bytes": 24730000,
          "round_server_to_client_bytes": 24730000,
          "round_total_bytes": 49460000
        }
      },
      {
        "round": 2,
        "client_metrics": {
          "0": {
            "local_loss": 2.1035624536072337
          },
          "1": {
            "local_loss": 1.8832549810409547
          },
          "2": {
            "local_loss": 1.9194315471300265
          },
          "3": {
            "local_loss": 2.1134907795161735
          },
          "4": {
            "local_loss": 2.03111704558861
          },
          "5": {
            "local_loss": 1.980206847190857
          },
          "6": {
            "local_loss": 2.0678558012334314
          },
          "7": {
            "local_loss": 1.9752314451264172
          },
          "8": {
            "local_loss": 2.0551537789886805
          },
          "9": {
            "local_loss": 1.895894296576337
          }
        },
        "global_metrics": {
          "mean_client_accuracy": 0.2403361344537815,
          "worst_client_accuracy": 0.0784313725490196,
          "p10_client_accuracy": 0.0784313725490196,
          "bottom3_client_accuracy": 0.10457516339869281,
          "worst_group_accuracy": 0.2403361344537815,
          "client_accuracies": {
            "0": 0.0784313725490196,
            "1": 0.3137254901960784,
            "2": 0.19607843137254902,
            "3": 0.3137254901960784,
            "4": 0.3137254901960784,
            "5": 0.2857142857142857,
            "6": 0.3137254901960784,
            "7": 0.09803921568627451,
            "8": 0.35294117647058826,
            "9": 0.13725490196078433
          }
        },
        "communication": {
          "round_client_to_server_bytes": 24730000,
          "round_server_to_client_bytes": 24730000,
          "round_total_bytes": 49460000
        }
      },
      {
        "round": 3,
        "client_metrics": {
          "0": {
            "local_loss": 1.9692189745786712
          },
          "1": {
            "local_loss": 1.8566883447693616
          },
          "2": {
            "local_loss": 1.944986533827898
          },
          "3": {
            "local_loss": 1.9550649294039097
          },
          "4": {
            "local_loss": 1.9180305821139638
          },
          "5": {
            "local_loss": 2.0283604180603696
          },
          "6": {
            "local_loss": 1.942093554357203
          },
          "7": {
            "local_loss": 1.918506395816803
          },
          "8": {
            "local_loss": 1.9550105316175832
          },
          "9": {
            "local_loss": 1.9045313503684067
          }
        },
        "global_metrics": {
          "mean_client_accuracy": 0.1950280112044818,
          "worst_client_accuracy": 0.0392156862745098,
          "p10_client_accuracy": 0.0392156862745098,
          "bottom3_client_accuracy": 0.0588235294117647,
          "worst_group_accuracy": 0.1950280112044818,
          "client_accuracies": {
            "0": 0.0784313725490196,
            "1": 0.3137254901960784,
            "2": 0.4117647058823529,
            "3": 0.23529411764705882,
            "4": 0.09803921568627451,
            "5": 0.10714285714285714,
            "6": 0.058823529411764705,
            "7": 0.0392156862745098,
            "8": 0.29411764705882354,
            "9": 0.3137254901960784
          }
        },
        "communication": {
          "round_client_to_server_bytes": 24730000,
          "round_server_to_client_bytes": 24730000,
          "round_total_bytes": 49460000
        }
      },
      {
        "round": 4,
        "client_metrics": {
          "0": {
            "local_loss": 1.983167540154806
          },
          "1": {
            "local_loss": 1.7448999061817076
          },
          "2": {
            "local_loss": 1.836196993036968
          },
          "3": {
            "local_loss": 1.9473240741869298
          },
          "4": {
            "local_loss": 1.9466392159461976
          },
          "5": {
            "local_loss": 1.9088097706175686
          },
          "6": {
            "local_loss": 1.9160557203176545
          },
          "7": {
            "local_loss": 1.7645338718484087
          },
          "8": {
            "local_loss": 1.9835038562472775
          },
          "9": {
            "local_loss": 1.7395994855136405
          }
        },
        "global_metrics": {
          "mean_client_accuracy": 0.2593137254901961,
          "worst_client_accuracy": 0.0392156862745098,
          "p10_client_accuracy": 0.0392156862745098,
          "bottom3_client_accuracy": 0.09803921568627451,
          "worst_group_accuracy": 0.2593137254901961,
          "client_accuracies": {
            "0": 0.0392156862745098,
            "1": 0.4117647058823529,
            "2": 0.27450980392156865,
            "3": 0.35294117647058826,
            "4": 0.39215686274509803,
            "5": 0.25,
            "6": 0.29411764705882354,
            "7": 0.0392156862745098,
            "8": 0.3235294117647059,
            "9": 0.21568627450980393
          }
        },
        "communication": {
          "round_client_to_server_bytes": 24730000,
          "round_server_to_client_bytes": 24730000,
          "round_total_bytes": 49460000
        }
      },
      {
        "round": 5,
        "client_metrics": {
          "0": {
            "local_loss": 1.860191307998285
          },
          "1": {
            "local_loss": 1.7720736663515975
          },
          "2": {
            "local_loss": 1.8343431237267285
          },
          "3": {
            "local_loss": 1.7879827659304548
          },
          "4": {
            "local_loss": 1.7978541112527615
          },
          "5": {
            "local_loss": 1.8931618855710615
          },
          "6": {
            "local_loss": 1.7957285032039736
          },
          "7": {
            "local_loss": 1.7313947395580571
          },
          "8": {
            "local_loss": 1.8430795352235974
          },