{
  "run_id": "681b32e15fdf7727f847d54af3ea3eac",
  "method": "scaffold",
  "alpha": 0.3,
  "dataset": "cifar10",
  "seed": 2,
  "status": "SUCCESS",
  "rounds_expected": 5,
  "rounds_completed": 5,
  "error": null,
  "dataset_hash": "88bb695bc18f426e71f63eb981e3eb34993c087b2a84ae836f79bce3d9e2b402",
  "preprocessing": "dataset_loader_default",
  "metrics": {
    "per_round": [
      {
        "round": 1,
        "global_metrics": {
          "mean_client_accuracy": 0.075,
          "worst_client_accuracy": 0.0,
          "p10_client_accuracy": 0.0,
          "client_accuracies": {
            "0": 0.0,
            "1": 0.16666666666666666,
            "2": 0.08333333333333333,
            "3": 0.16666666666666666,
            "4": 0.0,
            "5": 0.0,
            "6": 0.08333333333333333,
            "7": 0.16666666666666666,
            "8": 0.08333333333333333,
            "9": 0.0
          }
        },
        "communication": {
          "round_client_to_server_bytes": 24730000,
          "round_server_to_client_bytes": 24730000,
          "round_total_bytes": 49460000
        }
      },
      {
        "round": 2,
        "global_metrics": {
          "mean_client_accuracy": 0.058333333333333334,
          "worst_client_accuracy": 0.0,
          "p10_client_accuracy": 0.0,
          "client_accuracies": {
            "0": 0.0,
            "1": 0.0,
            "2": 0.0,
            "3": 0.0,
            "4": 0.0,
            "5": 0.16666666666666666,
            "6": 0.25,
            "7": 0.08333333333333333,
            "8": 0.08333333333333333,
            "9": 0.0
          }
        },
        "communication": {
          "round_client_to_server_bytes": 24730000,
          "round_server_to_client_bytes": 24730000,
          "round_total_bytes": 49460000
        }
      },
      {
        "round": 3,
        "global_metrics": {
          "mean_client_accuracy": 0.075,
          "worst_client_accuracy": 0.0,
          "p10_client_accuracy": 0.0,
          "client_accuracies": {
            "0": 0.0,
            "1": 0.16666666666666666,
            "2": 0.08333333333333333,
            "3": 0.16666666666666666,
            "4": 0.0,
            "5": 0.0,
            "6": 0.08333333333333333,
            "7": 0.16666666666666666,
            "8": 0.08333333333333333,
            "9": 0.0
          }
        },
        "communication": {
          "round_client_to_server_bytes": 24730000,
          "round_server_to_client_bytes": 24730000,
          "round_total_bytes": 49460000
        }
      },
      {
        "round": 4,
        "global_metrics": {
          "mean_client_accuracy": 0.058333333333333334,
          "worst_client_accuracy": 0.0,
          "p10_client_accuracy": 0.0,
          "client_accuracies": {
            "0": 0.0,
            "1": 0.0,
            "2": 0.0,
            "3": 0.0,
            "4": 0.0,
            "5": 0.16666666666666666,
            "6": 0.25,
            "7": 0.08333333333333333,
            "8": 0.08333333333333333,
            "9": 0.0
          }
        },
        "communication": {
          "round_client_to_server_bytes": 24730000,
          "round_server_to_client_bytes": 24730000,
          "round_total_bytes": 49460000
        }
      },
      {
        "round": 5,
        "global_metrics": {
          "mean_client_accuracy": 0.075,
          "worst_client_accuracy": 0.0,
          "p10_client_accuracy": 0.0,
          "client_accuracies": {
            "0": 0.0,
            "1": 0.16666666666666666,
            "2": 0.08333333333333333,
            "3": 0.16666666666666666,
            "4": 0.0,
            "5": 0.0,
            "6": 0.08333333333333333,
            "7": 0.16666666666666666,
            "8": 0.08333333333333333,
            "9": 0.0
          }
        },
        "communication": {
          "round_client_to_server_bytes": 24730000,
          "round_server_to_client_bytes": 24730000,
          "round_total_bytes": 49460000
        }
      }
    ],
    "final": {
      "mean_client_accuracy": 0.075,
      "worst_client_accuracy": 0.0,
      "p10_client_accuracy": 0.0,
      "client_accuracies": {
        "0": 0.0,
        "1": 0.16666666666666666,
        "2": 0.08333333333333333,
        "3": 0.16666666666666666,
        "4": 0.0,
        "5": 0.0,
        "6": 0.08333333333333333,
        "7": 0.16666666666666666,
        "8": 0.08333333333333333,
        "9": 0.0
      }
    }
  },
  "communication": {
    "total_bytes": 247300000.0
  },
  "config": {
    "method": "scaffold",
    "dataset": "cifar10",
    "alpha": 0.3,
    "seed": 2,
    "rounds": 5,
    "local_epochs": 1,
    "max_samples_per_client": 64,
    "require_gpu": false
  },
  "execution": {
    "attempts": 1,
    "status": "success",
    "last_error": null,
    "saved_at": "2026-04-13T19:44:34.820452+00:00"
  }
}