{
  "run_id": "75bec25d28ec6cfeec4808122d4addad",
  "method": "fedavg",
  "dataset": "cifar10",
  "alpha": 0.3,
  "seed": 0,
  "status": "SUCCESS",
  "rounds_expected": 5,
  "rounds_completed": 5,
  "error": null,
  "dataset_hash": "d34376d5b7df042a3d0c01e6863f11fec84495ab36743e08010ab62ef9fb490a",
  "preprocessing": "dataset_loader_default",
  "metrics": {
    "per_round": [
      {
        "round": 1,
        "client_metrics": {
          "0": {
            "local_loss": 2.091329574584961
          },
          "1": {
            "local_loss": 2.418137550354004
          },
          "2": {
            "local_loss": 2.3904221057891846
          },
          "3": {
            "local_loss": 2.419097423553467
          },
          "4": {
            "local_loss": 2.2645344734191895
          },
          "5": {
            "local_loss": 2.4499874114990234
          },
          "6": {
            "local_loss": 2.3734514713287354
          },
          "7": {
            "local_loss": 2.3307933807373047
          },
          "8": {
            "local_loss": 2.2549946308135986
          },
          "9": {
            "local_loss": 2.278032064437866
          }
        },
        "global_metrics": {
          "mean_client_accuracy": 0.15277777777777776,
          "worst_client_accuracy": 0.0,
          "p10_client_accuracy": 0.0,
          "bottom3_client_accuracy": 0.0,
          "worst_group_accuracy": 0.15277777777777776,
          "client_accuracies": {
            "0": 0.25,
            "1": 0.3333333333333333,
            "2": 0.25,
            "3": 0.4444444444444444,
            "4": 0.08333333333333333,
            "5": 0.0,
            "6": 0.0,
            "7": 0.08333333333333333,
            "8": 0.08333333333333333,
            "9": 0.0
          }
        },
        "communication": {
          "round_client_to_server_bytes": 24730000,
          "round_server_to_client_bytes": 24730000,
          "round_total_bytes": 49460000
        }
      },
      {
        "round": 2,
        "client_metrics": {
          "0": {
            "local_loss": 2.5979456901550293
          },
          "1": {
            "local_loss": 2.191427230834961
          },
          "2": {
            "local_loss": 2.2845029830932617
          },
          "3": {
            "local_loss": 2.1526317596435547
          },
          "4": {
            "local_loss": 2.3915517330169678
          },
          "5": {
            "local_loss": 2.218982458114624
          },
          "6": {
            "local_loss": 2.3743302822113037
          },
          "7": {
            "local_loss": 2.278818368911743
          },
          "8": {
            "local_loss": 2.3147222995758057
          },
          "9": {
            "local_loss": 2.2455837726593018
          }
        },
        "global_metrics": {
          "mean_client_accuracy": 0.18055555555555552,
          "worst_client_accuracy": 0.0,
          "p10_client_accuracy": 0.0,
          "bottom3_client_accuracy": 0.0,
          "worst_group_accuracy": 0.18055555555555552,
          "client_accuracies": {
            "0": 0.16666666666666666,
            "1": 0.4444444444444444,
            "2": 0.25,
            "3": 0.4444444444444444,
            "4": 0.3333333333333333,
            "5": 0.0,
            "6": 0.08333333333333333,
            "7": 0.08333333333333333,
            "8": 0.0,
            "9": 0.0
          }
        },
        "communication": {
          "round_client_to_server_bytes": 24730000,
          "round_server_to_client_bytes": 24730000,
          "round_total_bytes": 49460000
        }
      },
      {
        "round": 3,
        "client_metrics": {
          "0": {
            "local_loss": 2.5404627323150635
          },
          "1": {
            "local_loss": 2.181716203689575
          },
          "2": {
            "local_loss": 2.2746710777282715
          },
          "3": {
            "local_loss": 2.153352975845337
          },
          "4": {
            "local_loss": 2.3349311351776123
          },
          "5": {
            "local_loss": 2.2017576694488525
          },
          "6": {
            "local_loss": 2.357428550720215
          },
          "7": {
            "local_loss": 2.2643849849700928
          },
          "8": {
            "local_loss": 2.316514015197754
          },
          "9": {
            "local_loss": 2.2599475383758545
          }
        },
        "global_metrics": {
          "mean_client_accuracy": 0.21666666666666665,
          "worst_client_accuracy": 0.0,
          "p10_client_accuracy": 0.0,
          "bottom3_client_accuracy": 0.05555555555555555,
          "worst_group_accuracy": 0.21666666666666665,
          "client_accuracies": {
            "0": 0.16666666666666666,
            "1": 0.5555555555555556,
            "2": 0.25,
            "3": 0.4444444444444444,
            "4": 0.3333333333333333,
            "5": 0.08333333333333333,
            "6": 0.08333333333333333,
            "7": 0.08333333333333333,
            "8": 0.16666666666666666,
            "9": 0.0
          }
        },
        "communication": {
          "round_client_to_server_bytes": 24730000,
          "round_server_to_client_bytes": 24730000,
          "round_total_bytes": 49460000
        }
      },
      {
        "round": 4,
        "client_metrics": {
          "0": {
            "local_loss": 2.4667253494262695
          },
          "1": {
            "local_loss": 2.186401128768921
          },
          "2": {
            "local_loss": 2.269277811050415
          },
          "3": {
            "local_loss": 2.1671142578125
          },
          "4": {
            "local_loss": 2.2860071659088135
          },
          "5": {
            "local_loss": 2.1999993324279785
          },
          "6": {
            "local_loss": 2.3419687747955322
          },
          "7": {
            "local_loss": 2.2541847229003906
          },
          "8": {
            "local_loss": 2.306413412094116
          },
          "9": {
            "local_loss": 2.261796474456787
          }
        },
        "global_metrics": {
          "mean_client_accuracy": 0.18888888888888888,
          "worst_client_accuracy": 0.0,
          "p10_client_accuracy": 0.0,
          "bottom3_client_accuracy": 0.0,
          "worst_group_accuracy": 0.18888888888888888,
          "client_accuracies": {
            "0": 0.0,
            "1": 0.5555555555555556,
            "2": 0.25,
            "3": 0.3333333333333333,
            "4": 0.4166666666666667,
            "5": 0.08333333333333333,
            "6": 0.08333333333333333,
            "7": 0.0,
            "8": 0.16666666666666666,
            "9": 0.0
          }
        },
        "communication": {
          "round_client_to_server_bytes": 24730000,
          "round_server_to_client_bytes": 24730000,
          "round_total_bytes": 49460000
        }
      },
      {
        "round": 5,
        "client_metrics": {
          "0": {
            "local_loss": 2.400390625
          },
          "1": {
            "local_loss": 2.1980502605438232
          },
          "2": {
            "local_loss": 2.2672483921051025
          },
          "3": {
            "local_loss": 2.184720039367676
          },
          "4": {
            "local_loss": 2.251554250717163
          },
          "5": {
            "local_loss": 2.2059481143951416
          },
          "6": {
            "local_loss": 2.332174301147461
          },
          "7": {
            "local_loss": 2.2479357719421387
          },
          "8": {
            "local_loss": 2.291762351989746
          },
          "9": {
            "local_loss": 2.2557082176208496
          }
        },
        "global_metrics": {
          "mean_client_accuracy": 0.21388888888888888,
          "worst_client_accuracy": 0.0,
          "p10_client_accuracy": 0.0,
          "bottom3_client_accuracy": 0.05555555555555555,