{
  "run_id": "7eca267cd7297b78b8e5bc817823f314",
  "method": "flexfl",
  "dataset": "cifar10",
  "alpha": 0.3,
  "seed": 0,
  "status": "SUCCESS",
  "rounds_expected": 1,
  "rounds_completed": 1,
  "error": null,
  "dataset_hash": "d34376d5b7df042a3d0c01e6863f11fec84495ab36743e08010ab62ef9fb490a",
  "preprocessing": "dataset_loader_default",
  "metrics": {
    "per_round": [
      {
        "round": 1,
        "client_metrics": {
          "0": {
            "local_loss": 1.5923288418696477,
            "cluster_id": 0.0,
            "cluster_support_size": 44.0,
            "cluster_local_loss": 1.2835641671449711,
            "cluster_alignment_loss": 0.4044700448329632,
            "cluster_loss": 0.0,
            "total_objective": 1.2835641671449711
          },
          "1": {
            "local_loss": 1.9635132869084677,
            "cluster_id": 1.0,
            "cluster_support_size": 20.0,
            "cluster_local_loss": 1.793556226624383,
            "cluster_alignment_loss": 0.43175035273587264,
            "cluster_loss": 0.0,
            "total_objective": 1.793556226624383
          },
          "2": {
            "local_loss": 2.145561614403358,
            "cluster_id": 1.0,
            "cluster_support_size": 20.0,
            "cluster_local_loss": 2.0560718958194437,
            "cluster_alignment_loss": 0.29210163270815825,
            "cluster_loss": 0.0,
            "total_objective": 2.0560718958194437
          },
          "3": {
            "local_loss": 1.945851174990336,
            "cluster_id": 0.0,
            "cluster_support_size": 44.0,
            "cluster_local_loss": 1.780295689900716,
            "cluster_alignment_loss": 0.7235017794149893,
            "cluster_loss": 0.0,
            "total_objective": 1.780295689900716
          },
          "4": {
            "local_loss": 1.9815338354844314,
            "cluster_id": 0.0,
            "cluster_support_size": 44.0,
            "cluster_local_loss": 1.8413336704938839,
            "cluster_alignment_loss": 0.60580280652413,
            "cluster_loss": 0.0,
            "total_objective": 1.8413336704938839
          },
          "5": {
            "local_loss": 1.9112270226845374,
            "cluster_id": 0.0,
            "cluster_support_size": 44.0,
            "cluster_local_loss": 1.7057410325759497,
            "cluster_alignment_loss": 0.3508306329066937,
            "cluster_loss": 0.0,
            "total_objective": 1.7057410325759497
          },
          "6": {
            "local_loss": 1.7692716506811288,
            "cluster_id": 0.0,
            "cluster_support_size": 44.0,
            "cluster_local_loss": 1.4397082237096934,
            "cluster_alignment_loss": 0.43387604294679105,
            "cluster_loss": 0.0,
            "total_objective": 1.4397082237096934
          },
          "7": {
            "local_loss": 1.91995881153987,
            "cluster_id": 1.0,
            "cluster_support_size": 20.0,
            "cluster_local_loss": 1.7082561621299157,
            "cluster_alignment_loss": 0.20439815941529396,
            "cluster_loss": 0.0,
            "total_objective": 1.7082561621299157
          },
          "8": {
            "local_loss": 1.9898499085352972,
            "cluster_id": 0.0,
            "cluster_support_size": 44.0,
            "cluster_local_loss": 1.8046333667559502,
            "cluster_alignment_loss": 0.5391145379115374,
            "cluster_loss": 0.0,
            "total_objective": 1.8046333667559502
          },
          "9": {
            "local_loss": 1.7762991538414588,
            "cluster_id": 0.0,
            "cluster_support_size": 44.0,
            "cluster_local_loss": 1.518389833279145,
            "cluster_alignment_loss": 0.5408355135184068,
            "cluster_loss": 0.0,
            "total_objective": 1.518389833279145
          }
        },
        "global_metrics": {
          "mean_client_accuracy": 0.3055555555555555,
          "worst_client_accuracy": 0.08333333333333333,
          "p10_client_accuracy": 0.08333333333333333,
          "bottom3_client_accuracy": 0.10185185185185185,
          "worst_group_accuracy": 0.2037037037037037,
          "client_accuracies": {
            "0": 0.5833333333333334,
            "1": 0.1111111111111111,
            "2": 0.16666666666666666,
            "3": 0.1111111111111111,
            "4": 0.4166666666666667,
            "5": 0.4166666666666667,
            "6": 0.6666666666666666,
            "7": 0.3333333333333333,
            "8": 0.16666666666666666,
            "9": 0.08333333333333333
          }
        },
        "communication": {
          "round_client_to_server_bytes": 24730000,
          "round_server_to_client_bytes": 24730000,
          "round_total_bytes": 49460000
        }
      }
    ],
    "final": {
      "mean_client_accuracy": 0.3055555555555555,
      "worst_client_accuracy": 0.08333333333333333,
      "p10_client_accuracy": 0.08333333333333333,
      "bottom3_client_accuracy": 0.10185185185185185,
      "worst_group_accuracy": 0.2037037037037037,
      "client_accuracies": {
        "0": 0.5833333333333334,
        "1": 0.1111111111111111,
        "2": 0.16666666666666666,
        "3": 0.1111111111111111,
        "4": 0.4166666666666667,
        "5": 0.4166666666666667,
        "6": 0.6666666666666666,
        "7": 0.3333333333333333,
        "8": 0.16666666666666666,
        "9": 0.08333333333333333
      }
    }
  },
  "communication": {
    "total_bytes": 49460000.0
  },
  "config": {
    "method": "flexfl",
    "dataset": "cifar10",
    "alpha": 0.3,
    "seed": 0,
    "rounds": 1,
    "local_epochs": 1,
    "max_samples_per_client": 64,
    "require_gpu": false
  },
  "execution": {
    "attempts": 1,
    "status": "success",
    "last_error": null,
    "saved_at": "2026-04-13T18:35:58.151557+00:00"
  }
}