{
  "run_id": "93233bc70df898c27b639822bb1f0c17",
  "method": "moon",
  "alpha": 0.3,
  "dataset": "cifar10",
  "seed": 8,
  "status": "SUCCESS",
  "rounds_expected": 5,
  "rounds_completed": 5,
  "error": null,
  "dataset_hash": "fe590b09b1b8f4bd0ac93d389cee6fd569c0a744b65641b59a2d219c6fc8c9de",
  "preprocessing": "dataset_loader_default",
  "metrics": {
    "per_round": [
      {
        "round": 1,
        "global_metrics": {
          "mean_client_accuracy": 0.11499999999999999,
          "worst_client_accuracy": 0.0,
          "p10_client_accuracy": 0.0,
          "client_accuracies": {
            "0": 0.0,
            "1": 0.4,
            "2": 0.16666666666666666,
            "3": 0.3333333333333333,
            "4": 0.0,
            "5": 0.0,
            "6": 0.0,
            "7": 0.0,
            "8": 0.16666666666666666,
            "9": 0.08333333333333333
          }
        },
        "communication": {
          "round_client_to_server_bytes": 24730000,
          "round_server_to_client_bytes": 24730000,
          "round_total_bytes": 49460000
        }
      },
      {
        "round": 2,
        "global_metrics": {
          "mean_client_accuracy": 0.1795238095238095,
          "worst_client_accuracy": 0.0,
          "p10_client_accuracy": 0.0,
          "client_accuracies": {
            "0": 0.42857142857142855,
            "1": 0.2,
            "2": 0.3333333333333333,
            "3": 0.0,
            "4": 0.08333333333333333,
            "5": 0.4166666666666667,
            "6": 0.25,
            "7": 0.08333333333333333,
            "8": 0.0,
            "9": 0.0
          }
        },
        "communication": {
          "round_client_to_server_bytes": 24730000,
          "round_server_to_client_bytes": 24730000,
          "round_total_bytes": 49460000
        }
      },
      {
        "round": 3,
        "global_metrics": {
          "mean_client_accuracy": 0.17690476190476187,
          "worst_client_accuracy": 0.0,
          "p10_client_accuracy": 0.0,
          "client_accuracies": {
            "0": 0.2857142857142857,
            "1": 0.4,
            "2": 0.16666666666666666,
            "3": 0.16666666666666666,
            "4": 0.0,
            "5": 0.25,
            "6": 0.08333333333333333,
            "7": 0.3333333333333333,
            "8": 0.0,
            "9": 0.08333333333333333
          }
        },
        "communication": {
          "round_client_to_server_bytes": 24730000,
          "round_server_to_client_bytes": 24730000,
          "round_total_bytes": 49460000
        }
      },
      {
        "round": 4,
        "global_metrics": {
          "mean_client_accuracy": 0.15476190476190474,
          "worst_client_accuracy": 0.0,
          "p10_client_accuracy": 0.0,
          "client_accuracies": {
            "0": 0.7142857142857143,
            "1": 0.0,
            "2": 0.0,
            "3": 0.0,
            "4": 0.08333333333333333,
            "5": 0.4166666666666667,
            "6": 0.3333333333333333,
            "7": 0.0,
            "8": 0.0,
            "9": 0.0
          }
        },
        "communication": {
          "round_client_to_server_bytes": 24730000,
          "round_server_to_client_bytes": 24730000,
          "round_total_bytes": 49460000
        }
      },
      {
        "round": 5,
        "global_metrics": {
          "mean_client_accuracy": 0.185,
          "worst_client_accuracy": 0.0,
          "p10_client_accuracy": 0.0,
          "client_accuracies": {
            "0": 0.0,
            "1": 0.6,
            "2": 0.16666666666666666,
            "3": 0.0,
            "4": 0.0,
            "5": 0.16666666666666666,
            "6": 0.16666666666666666,
            "7": 0.0,
            "8": 0.4166666666666667,
            "9": 0.3333333333333333
          }
        },
        "communication": {
          "round_client_to_server_bytes": 24730000,
          "round_server_to_client_bytes": 24730000,
          "round_total_bytes": 49460000
        }
      }
    ],
    "final": {
      "mean_client_accuracy": 0.185,
      "worst_client_accuracy": 0.0,
      "p10_client_accuracy": 0.0,
      "client_accuracies": {
        "0": 0.0,
        "1": 0.6,
        "2": 0.16666666666666666,
        "3": 0.0,
        "4": 0.0,
        "5": 0.16666666666666666,
        "6": 0.16666666666666666,
        "7": 0.0,
        "8": 0.4166666666666667,
        "9": 0.3333333333333333
      }
    }
  },
  "communication": {
    "total_bytes": 247300000.0
  },
  "config": {
    "method": "moon",
    "dataset": "cifar10",
    "alpha": 0.3,
    "seed": 8,
    "rounds": 5,
    "local_epochs": 1,
    "max_samples_per_client": 64,
    "require_gpu": false
  },
  "execution": {
    "attempts": 1,
    "status": "success",
    "last_error": null,
    "saved_at": "2026-04-13T19:44:10.203460+00:00"
  }
}