{
  "run_id": "93d9592e48028bd2255ef7eee656bca6",
  "method": "scaffold",
  "alpha": 0.3,
  "dataset": "cifar10",
  "seed": 5,
  "status": "SUCCESS",
  "rounds_expected": 5,
  "rounds_completed": 5,
  "error": null,
  "dataset_hash": "6acb8dd7db37a98a27c66a7587675d41397601257da1308db1fe6ddb2a546894",
  "preprocessing": "dataset_loader_default",
  "metrics": {
    "per_round": [
      {
        "round": 1,
        "global_metrics": {
          "mean_client_accuracy": 0.16666666666666666,
          "worst_client_accuracy": 0.0,
          "p10_client_accuracy": 0.075,
          "client_accuracies": {
            "0": 0.16666666666666666,
            "1": 0.25,
            "2": 0.25,
            "3": 0.08333333333333333,
            "4": 0.16666666666666666,
            "5": 0.08333333333333333,
            "6": 0.25,
            "7": 0.3333333333333333,
            "8": 0.08333333333333333,
            "9": 0.0
          }
        },
        "communication": {
          "round_client_to_server_bytes": 24730000,
          "round_server_to_client_bytes": 24730000,
          "round_total_bytes": 49460000
        }
      },
      {
        "round": 2,
        "global_metrics": {
          "mean_client_accuracy": 0.11666666666666665,
          "worst_client_accuracy": 0.0,
          "p10_client_accuracy": 0.0,
          "client_accuracies": {
            "0": 0.16666666666666666,
            "1": 0.08333333333333333,
            "2": 0.0,
            "3": 0.0,
            "4": 0.25,
            "5": 0.08333333333333333,
            "6": 0.25,
            "7": 0.16666666666666666,
            "8": 0.08333333333333333,
            "9": 0.08333333333333333
          }
        },
        "communication": {
          "round_client_to_server_bytes": 24730000,
          "round_server_to_client_bytes": 24730000,
          "round_total_bytes": 49460000
        }
      },
      {
        "round": 3,
        "global_metrics": {
          "mean_client_accuracy": 0.16666666666666666,
          "worst_client_accuracy": 0.0,
          "p10_client_accuracy": 0.075,
          "client_accuracies": {
            "0": 0.16666666666666666,
            "1": 0.25,
            "2": 0.25,
            "3": 0.08333333333333333,
            "4": 0.16666666666666666,
            "5": 0.08333333333333333,
            "6": 0.25,
            "7": 0.3333333333333333,
            "8": 0.08333333333333333,
            "9": 0.0
          }
        },
        "communication": {
          "round_client_to_server_bytes": 24730000,
          "round_server_to_client_bytes": 24730000,
          "round_total_bytes": 49460000
        }
      },
      {
        "round": 4,
        "global_metrics": {
          "mean_client_accuracy": 0.1,
          "worst_client_accuracy": 0.0,
          "p10_client_accuracy": 0.0,
          "client_accuracies": {
            "0": 0.16666666666666666,
            "1": 0.08333333333333333,
            "2": 0.0,
            "3": 0.0,
            "4": 0.25,
            "5": 0.08333333333333333,
            "6": 0.25,
            "7": 0.08333333333333333,
            "8": 0.0,
            "9": 0.08333333333333333
          }
        },
        "communication": {
          "round_client_to_server_bytes": 24730000,
          "round_server_to_client_bytes": 24730000,
          "round_total_bytes": 49460000
        }
      },
      {
        "round": 5,
        "global_metrics": {
          "mean_client_accuracy": 0.16666666666666666,
          "worst_client_accuracy": 0.0,
          "p10_client_accuracy": 0.075,
          "client_accuracies": {
            "0": 0.16666666666666666,
            "1": 0.25,
            "2": 0.25,
            "3": 0.08333333333333333,
            "4": 0.16666666666666666,
            "5": 0.08333333333333333,
            "6": 0.25,
            "7": 0.3333333333333333,
            "8": 0.08333333333333333,
            "9": 0.0
          }
        },
        "communication": {
          "round_client_to_server_bytes": 24730000,
          "round_server_to_client_bytes": 24730000,
          "round_total_bytes": 49460000
        }
      }
    ],
    "final": {
      "mean_client_accuracy": 0.16666666666666666,
      "worst_client_accuracy": 0.0,
      "p10_client_accuracy": 0.075,
      "client_accuracies": {
        "0": 0.16666666666666666,
        "1": 0.25,
        "2": 0.25,
        "3": 0.08333333333333333,
        "4": 0.16666666666666666,
        "5": 0.08333333333333333,
        "6": 0.25,
        "7": 0.3333333333333333,
        "8": 0.08333333333333333,
        "9": 0.0
      }
    }
  },
  "communication": {
    "total_bytes": 247300000.0
  },
  "config": {
    "method": "scaffold",
    "dataset": "cifar10",
    "alpha": 0.3,
    "seed": 5,
    "rounds": 5,
    "local_epochs": 1,
    "max_samples_per_client": 64,
    "require_gpu": false
  },
  "execution": {
    "attempts": 1,
    "status": "success",
    "last_error": null,
    "saved_at": "2026-04-13T19:44:47.532591+00:00"
  }
}