{
  "run_id": "9cf62852ce42fcb98d94b306bff2d78c",
  "method": "moon",
  "alpha": 0.1,
  "dataset": "cifar10",
  "seed": 43,
  "status": "SUCCESS",
  "rounds_expected": 6,
  "rounds_completed": 6,
  "error": null,
  "dataset_hash": "847ae393a98982a67496801a13f406bd4ed1d1a8a9980e8469a37c6ebde26aa2",
  "preprocessing": "dataset_loader_default",
  "metrics": {
    "per_round": [
      {
        "round": 1,
        "global_metrics": {
          "mean_client_accuracy": 0.14215686274509803,
          "worst_client_accuracy": 0.0,
          "p10_client_accuracy": 0.0,
          "client_accuracies": {
            "0": 0.2647058823529412,
            "1": 0.6862745098039216,
            "2": 0.0,
            "3": 0.0392156862745098,
            "4": 0.0,
            "5": 0.0392156862745098,
            "6": 0.0196078431372549,
            "7": 0.37254901960784315,
            "8": 0.0,
            "9": 0.0
          }
        },
        "communication": {
          "round_client_to_server_bytes": 24730000,
          "round_server_to_client_bytes": 24730000,
          "round_total_bytes": 49460000
        }
      },
      {
        "round": 2,
        "global_metrics": {
          "mean_client_accuracy": 0.16666666666666666,
          "worst_client_accuracy": 0.0,
          "p10_client_accuracy": 0.0,
          "client_accuracies": {
            "0": 0.8823529411764706,
            "1": 0.0784313725490196,
            "2": 0.0,
            "3": 0.0,
            "4": 0.0,
            "5": 0.49019607843137253,
            "6": 0.09803921568627451,
            "7": 0.11764705882352941,
            "8": 0.0,
            "9": 0.0
          }
        },
        "communication": {
          "round_client_to_server_bytes": 24730000,
          "round_server_to_client_bytes": 24730000,
          "round_total_bytes": 49460000
        }
      },
      {
        "round": 3,
        "global_metrics": {
          "mean_client_accuracy": 0.1196078431372549,
          "worst_client_accuracy": 0.0,
          "p10_client_accuracy": 0.0,
          "client_accuracies": {
            "0": 0.0,
            "1": 0.13725490196078433,
            "2": 0.8627450980392157,
            "3": 0.0,
            "4": 0.0,
            "5": 0.0,
            "6": 0.0,
            "7": 0.19607843137254902,
            "8": 0.0,
            "9": 0.0
          }
        },
        "communication": {
          "round_client_to_server_bytes": 24730000,
          "round_server_to_client_bytes": 24730000,
          "round_total_bytes": 49460000
        }
      },
      {
        "round": 4,
        "global_metrics": {
          "mean_client_accuracy": 0.15196078431372548,
          "worst_client_accuracy": 0.0,
          "p10_client_accuracy": 0.0,
          "client_accuracies": {
            "0": 0.2647058823529412,
            "1": 0.1568627450980392,
            "2": 0.7843137254901961,
            "3": 0.0,
            "4": 0.0,
            "5": 0.058823529411764705,
            "6": 0.0196078431372549,
            "7": 0.23529411764705882,
            "8": 0.0,
            "9": 0.0
          }
        },
        "communication": {
          "round_client_to_server_bytes": 24730000,
          "round_server_to_client_bytes": 24730000,
          "round_total_bytes": 49460000
        }
      },
      {
        "round": 5,
        "global_metrics": {
          "mean_client_accuracy": 0.2205882352941176,
          "worst_client_accuracy": 0.0,
          "p10_client_accuracy": 0.0,
          "client_accuracies": {
            "0": 0.9117647058823529,
            "1": 0.0784313725490196,
            "2": 0.0196078431372549,
            "3": 0.0,
            "4": 0.1568627450980392,
            "5": 0.6470588235294118,
            "6": 0.23529411764705882,
            "7": 0.11764705882352941,
            "8": 0.0392156862745098,
            "9": 0.0
          }
        },
        "communication": {
          "round_client_to_server_bytes": 24730000,
          "round_server_to_client_bytes": 24730000,
          "round_total_bytes": 49460000
        }
      },
      {
        "round": 6,
        "global_metrics": {
          "mean_client_accuracy": 0.23823529411764702,
          "worst_client_accuracy": 0.0,
          "p10_client_accuracy": 0.0,
          "client_accuracies": {
            "0": 0.9117647058823529,
            "1": 0.09803921568627451,
            "2": 0.0392156862745098,
            "3": 0.0,
            "4": 0.27450980392156865,
            "5": 0.6470588235294118,
            "6": 0.23529411764705882,
            "7": 0.11764705882352941,
            "8": 0.058823529411764705,
            "9": 0.0
          }
        },
        "communication": {
          "round_client_to_server_bytes": 24730000,
          "round_server_to_client_bytes": 24730000,
          "round_total_bytes": 49460000
        }
      }
    ],
    "final": {
      "mean_client_accuracy": 0.23823529411764702,
      "worst_client_accuracy": 0.0,
      "p10_client_accuracy": 0.0,
      "client_accuracies": {
        "0": 0.9117647058823529,
        "1": 0.09803921568627451,
        "2": 0.0392156862745098,
        "3": 0.0,
        "4": 0.27450980392156865,
        "5": 0.6470588235294118,
        "6": 0.23529411764705882,
        "7": 0.11764705882352941,
        "8": 0.058823529411764705,
        "9": 0.0
      }
    }
  },
  "communication": {
    "total_bytes": 296760000.0
  },
  "config": {
    "method": "moon",
    "dataset": "cifar10",
    "alpha": 0.1,
    "seed": 43,
    "rounds": 6,
    "local_epochs": 2,
    "max_samples_per_client": 256,
    "require_gpu": false
  },
  "execution": {
    "attempts": 1,
    "status": "success",
    "last_error": null,
    "saved_at": "2026-04-18T08:39:48.112578+00:00"
  }
}