{
  "run_id": "b66f75771cff366eb49f2764beea5ccc",
  "method": "moon",
  "alpha": 0.3,
  "dataset": "cifar10",
  "seed": 4,
  "status": "SUCCESS",
  "rounds_expected": 5,
  "rounds_completed": 5,
  "error": null,
  "dataset_hash": "b2b4f594441154673f069676611529e52669fb68f2317e30d201c3fc021cc812",
  "preprocessing": "dataset_loader_default",
  "metrics": {
    "per_round": [
      {
        "round": 1,
        "global_metrics": {
          "mean_client_accuracy": 0.125,
          "worst_client_accuracy": 0.0,
          "p10_client_accuracy": 0.0,
          "client_accuracies": {
            "0": 0.0,
            "1": 0.3333333333333333,
            "2": 0.3333333333333333,
            "3": 0.16666666666666666,
            "4": 0.08333333333333333,
            "5": 0.0,
            "6": 0.0,
            "7": 0.0,
            "8": 0.0,
            "9": 0.3333333333333333
          }
        },
        "communication": {
          "round_client_to_server_bytes": 24730000,
          "round_server_to_client_bytes": 24730000,
          "round_total_bytes": 49460000
        }
      },
      {
        "round": 2,
        "global_metrics": {
          "mean_client_accuracy": 0.10277777777777777,
          "worst_client_accuracy": 0.0,
          "p10_client_accuracy": 0.0,
          "client_accuracies": {
            "0": 0.0,
            "1": 0.1111111111111111,
            "2": 0.08333333333333333,
            "3": 0.0,
            "4": 0.0,
            "5": 0.08333333333333333,
            "6": 0.3333333333333333,
            "7": 0.16666666666666666,
            "8": 0.25,
            "9": 0.0
          }
        },
        "communication": {
          "round_client_to_server_bytes": 24730000,
          "round_server_to_client_bytes": 24730000,
          "round_total_bytes": 49460000
        }
      },
      {
        "round": 3,
        "global_metrics": {
          "mean_client_accuracy": 0.12777777777777777,
          "worst_client_accuracy": 0.0,
          "p10_client_accuracy": 0.0,
          "client_accuracies": {
            "0": 0.25,
            "1": 0.2222222222222222,
            "2": 0.16666666666666666,
            "3": 0.08333333333333333,
            "4": 0.08333333333333333,
            "5": 0.08333333333333333,
            "6": 0.0,
            "7": 0.0,
            "8": 0.16666666666666666,
            "9": 0.2222222222222222
          }
        },
        "communication": {
          "round_client_to_server_bytes": 24730000,
          "round_server_to_client_bytes": 24730000,
          "round_total_bytes": 49460000
        }
      },
      {
        "round": 4,
        "global_metrics": {
          "mean_client_accuracy": 0.11666666666666667,
          "worst_client_accuracy": 0.0,
          "p10_client_accuracy": 0.0,
          "client_accuracies": {
            "0": 0.08333333333333333,
            "1": 0.0,
            "2": 0.08333333333333333,
            "3": 0.16666666666666666,
            "4": 0.0,
            "5": 0.25,
            "6": 0.16666666666666666,
            "7": 0.4166666666666667,
            "8": 0.0,
            "9": 0.0
          }
        },
        "communication": {
          "round_client_to_server_bytes": 24730000,
          "round_server_to_client_bytes": 24730000,
          "round_total_bytes": 49460000
        }
      },
      {
        "round": 5,
        "global_metrics": {
          "mean_client_accuracy": 0.125,
          "worst_client_accuracy": 0.0,
          "p10_client_accuracy": 0.0,
          "client_accuracies": {
            "0": 0.0,
            "1": 0.3333333333333333,
            "2": 0.3333333333333333,
            "3": 0.16666666666666666,
            "4": 0.08333333333333333,
            "5": 0.0,
            "6": 0.0,
            "7": 0.0,
            "8": 0.0,
            "9": 0.3333333333333333
          }
        },
        "communication": {
          "round_client_to_server_bytes": 24730000,
          "round_server_to_client_bytes": 24730000,
          "round_total_bytes": 49460000
        }
      }
    ],
    "final": {
      "mean_client_accuracy": 0.125,
      "worst_client_accuracy": 0.0,
      "p10_client_accuracy": 0.0,
      "client_accuracies": {
        "0": 0.0,
        "1": 0.3333333333333333,
        "2": 0.3333333333333333,
        "3": 0.16666666666666666,
        "4": 0.08333333333333333,
        "5": 0.0,
        "6": 0.0,
        "7": 0.0,
        "8": 0.0,
        "9": 0.3333333333333333
      }
    }
  },
  "communication": {
    "total_bytes": 247300000.0
  },
  "config": {
    "method": "moon",
    "dataset": "cifar10",
    "alpha": 0.3,
    "seed": 4,
    "rounds": 5,
    "local_epochs": 1,
    "max_samples_per_client": 64,
    "require_gpu": false
  },
  "execution": {
    "attempts": 1,
    "status": "success",
    "last_error": null,
    "saved_at": "2026-04-13T19:43:17.050896+00:00"
  }
}