{
  "run_id": "e68ee0ce219dc5d3ea31748ca7f3efea",
  "method": "fedavg",
  "dataset": "cifar10",
  "alpha": 0.5,
  "seed": 42,
  "status": "SUCCESS",
  "rounds_expected": 6,
  "rounds_completed": 6,
  "error": null,
  "dataset_hash": "8da3bb251355bc69d5a255c029cb294416c8536396d35d8f9b56d83a71f565d8",
  "preprocessing": "dataset_loader_default",
  "metrics": {
    "per_round": [
      {
        "round": 1,
        "client_metrics": {
          "0": {
            "local_loss": 2.0622126425184857
          },
          "1": {
            "local_loss": 1.8725162235701955
          },
          "2": {
            "local_loss": 1.7848643779754638
          },
          "3": {
            "local_loss": 1.9673270065610002
          },
          "4": {
            "local_loss": 2.1350766158685452
          },
          "5": {
            "local_loss": 1.9784276363326283
          },
          "6": {
            "local_loss": 2.193505814598828
          },
          "7": {
            "local_loss": 2.053363152829612
          },
          "8": {
            "local_loss": 2.0939773658426795
          },
          "9": {
            "local_loss": 1.70304448488282
          }
        },
        "global_metrics": {
          "mean_client_accuracy": 0.13137254901960785,
          "worst_client_accuracy": 0.0,
          "p10_client_accuracy": 0.0,
          "bottom3_client_accuracy": 0.013071895424836602,
          "worst_group_accuracy": 0.13137254901960785,
          "client_accuracies": {
            "0": 0.29411764705882354,
            "1": 0.0,
            "2": 0.1568627450980392,
            "3": 0.09803921568627451,
            "4": 0.17647058823529413,
            "5": 0.0196078431372549,
            "6": 0.13725490196078433,
            "7": 0.0196078431372549,
            "8": 0.2549019607843137,
            "9": 0.1568627450980392
          }
        },
        "communication": {
          "round_client_to_server_bytes": 24730000,
          "round_server_to_client_bytes": 24730000,
          "round_total_bytes": 49460000
        }
      },
      {
        "round": 2,
        "client_metrics": {
          "0": {
            "local_loss": 1.9807846025722782
          },
          "1": {
            "local_loss": 2.0386050517966106
          },
          "2": {
            "local_loss": 1.7885742460809102
          },
          "3": {
            "local_loss": 1.8138440356021974
          },
          "4": {
            "local_loss": 2.0905601181635043
          },
          "5": {
            "local_loss": 2.0125286869886443
          },
          "6": {
            "local_loss": 2.1723506956565672
          },
          "7": {
            "local_loss": 2.060552995379378
          },
          "8": {
            "local_loss": 1.9959008809996814
          },
          "9": {
            "local_loss": 1.7379322761442604
          }
        },
        "global_metrics": {
          "mean_client_accuracy": 0.21176470588235294,
          "worst_client_accuracy": 0.13725490196078433,
          "p10_client_accuracy": 0.13725490196078433,
          "bottom3_client_accuracy": 0.13725490196078433,
          "worst_group_accuracy": 0.21176470588235294,
          "client_accuracies": {
            "0": 0.13725490196078433,
            "1": 0.17647058823529413,
            "2": 0.43137254901960786,
            "3": 0.3333333333333333,
            "4": 0.13725490196078433,
            "5": 0.13725490196078433,
            "6": 0.21568627450980393,
            "7": 0.23529411764705882,
            "8": 0.17647058823529413,
            "9": 0.13725490196078433
          }
        },
        "communication": {
          "round_client_to_server_bytes": 24730000,
          "round_server_to_client_bytes": 24730000,
          "round_total_bytes": 49460000
        }
      },
      {
        "round": 3,
        "client_metrics": {
          "0": {
            "local_loss": 1.951146010945483
          },
          "1": {
            "local_loss": 1.8106113445468066
          },
          "2": {
            "local_loss": 1.69811972815816
          },
          "3": {
            "local_loss": 1.7626714764571771
          },
          "4": {
            "local_loss": 2.070527859141187
          },
          "5": {
            "local_loss": 1.9046036542915716
          },
          "6": {
            "local_loss": 2.055801831222162
          },
          "7": {
            "local_loss": 1.9801176399719425
          },
          "8": {
            "local_loss": 1.976961153600274
          },
          "9": {
            "local_loss": 1.6291498062087268
          }
        },
        "global_metrics": {
          "mean_client_accuracy": 0.2372549019607843,
          "worst_client_accuracy": 0.0784313725490196,
          "p10_client_accuracy": 0.0784313725490196,
          "bottom3_client_accuracy": 0.09150326797385622,
          "worst_group_accuracy": 0.2372549019607843,
          "client_accuracies": {
            "0": 0.2549019607843137,
            "1": 0.09803921568627451,
            "2": 0.09803921568627451,
            "3": 0.6078431372549019,
            "4": 0.21568627450980393,
            "5": 0.0784313725490196,
            "6": 0.23529411764705882,
            "7": 0.21568627450980393,
            "8": 0.3333333333333333,
            "9": 0.23529411764705882
          }
        },
        "communication": {
          "round_client_to_server_bytes": 24730000,
          "round_server_to_client_bytes": 24730000,
          "round_total_bytes": 49460000
        }
      },
      {
        "round": 4,
        "client_metrics": {
          "0": {
            "local_loss": 1.8504563517686798
          },
          "1": {
            "local_loss": 1.9551056315259236
          },
          "2": {
            "local_loss": 1.690742035028411
          },
          "3": {
            "local_loss": 1.6756095630366628
          },
          "4": {
            "local_loss": 2.0307463587784187
          },
          "5": {
            "local_loss": 1.9207200591157123
          },
          "6": {
            "local_loss": 1.9866733641159244
          },
          "7": {
            "local_loss": 1.9484445263699788
          },
          "8": {
            "local_loss": 1.9444983787652923
          },
          "9": {
            "local_loss": 1.5933707446586796
          }
        },
        "global_metrics": {
          "mean_client_accuracy": 0.27254901960784317,
          "worst_client_accuracy": 0.11764705882352941,
          "p10_client_accuracy": 0.11764705882352941,
          "bottom3_client_accuracy": 0.17647058823529413,
          "worst_group_accuracy": 0.27254901960784317,
          "client_accuracies": {
            "0": 0.21568627450980393,
            "1": 0.11764705882352941,
            "2": 0.27450980392156865,
            "3": 0.5882352941176471,
            "4": 0.2549019607843137,
            "5": 0.29411764705882354,
            "6": 0.23529411764705882,
            "7": 0.19607843137254902,
            "8": 0.27450980392156865,
            "9": 0.27450980392156865
          }
        },
        "communication": {
          "round_client_to_server_bytes": 24730000,
          "round_server_to_client_bytes": 24730000,
          "round_total_bytes": 49460000
        }
      },
      {
        "round": 5,
        "client_metrics": {
          "0": {
            "local_loss": 1.823784086762405
          },
          "1": {
            "local_loss": 1.7754162811651462
          },
          "2": {
            "local_loss": 1.637624966225973
          },
          "3": {
            "local_loss": 1.6937876224517823
          },
          "4": {
            "local_loss": 1.9801810200621441
          },
          "5": {
            "local_loss": 1.7865668311351683
          },
          "6": {
            "local_loss": 1.9194080977905088
          },
          "7": {
            "local_loss": 1.884859672697579
          },