{
  "run_id": "f2443cd8f193ed1c1669cb566e14b4d1",
  "method": "moon",
  "alpha": 0.3,
  "dataset": "cifar10",
  "seed": 9,
  "status": "SUCCESS",
  "rounds_expected": 5,
  "rounds_completed": 5,
  "error": null,
  "dataset_hash": "748e93430de97023ea088c5446cde9778232524926dea27cf4348e75956dfcd1",
  "preprocessing": "dataset_loader_default",
  "metrics": {
    "per_round": [
      {
        "round": 1,
        "global_metrics": {
          "mean_client_accuracy": 0.10984848484848483,
          "worst_client_accuracy": 0.0,
          "p10_client_accuracy": 0.0,
          "client_accuracies": {
            "0": 0.16666666666666666,
            "1": 0.0,
            "2": 0.6666666666666666,
            "3": 0.0,
            "4": 0.08333333333333333,
            "5": 0.0,
            "6": 0.0,
            "7": 0.0,
            "8": 0.18181818181818182,
            "9": 0.0
          }
        },
        "communication": {
          "round_client_to_server_bytes": 24730000,
          "round_server_to_client_bytes": 24730000,
          "round_total_bytes": 49460000
        }
      },
      {
        "round": 2,
        "global_metrics": {
          "mean_client_accuracy": 0.13333333333333333,
          "worst_client_accuracy": 0.0,
          "p10_client_accuracy": 0.0,
          "client_accuracies": {
            "0": 0.0,
            "1": 0.0,
            "2": 0.08333333333333333,
            "3": 0.25,
            "4": 0.5,
            "5": 0.25,
            "6": 0.0,
            "7": 0.25,
            "8": 0.0,
            "9": 0.0
          }
        },
        "communication": {
          "round_client_to_server_bytes": 24730000,
          "round_server_to_client_bytes": 24730000,
          "round_total_bytes": 49460000
        }
      },
      {
        "round": 3,
        "global_metrics": {
          "mean_client_accuracy": 0.14545454545454545,
          "worst_client_accuracy": 0.0,
          "p10_client_accuracy": 0.0,
          "client_accuracies": {
            "0": 0.08333333333333333,
            "1": 0.0,
            "2": 0.16666666666666666,
            "3": 0.08333333333333333,
            "4": 0.0,
            "5": 0.08333333333333333,
            "6": 0.08333333333333333,
            "7": 0.08333333333333333,
            "8": 0.45454545454545453,
            "9": 0.4166666666666667
          }
        },
        "communication": {
          "round_client_to_server_bytes": 24730000,
          "round_server_to_client_bytes": 24730000,
          "round_total_bytes": 49460000
        }
      },
      {
        "round": 4,
        "global_metrics": {
          "mean_client_accuracy": 0.15,
          "worst_client_accuracy": 0.0,
          "p10_client_accuracy": 0.0,
          "client_accuracies": {
            "0": 0.0,
            "1": 0.0,
            "2": 0.08333333333333333,
            "3": 0.25,
            "4": 0.5,
            "5": 0.25,
            "6": 0.0,
            "7": 0.25,
            "8": 0.0,
            "9": 0.16666666666666666
          }
        },
        "communication": {
          "round_client_to_server_bytes": 24730000,
          "round_server_to_client_bytes": 24730000,
          "round_total_bytes": 49460000
        }
      },
      {
        "round": 5,
        "global_metrics": {
          "mean_client_accuracy": 0.16969696969696968,
          "worst_client_accuracy": 0.0,
          "p10_client_accuracy": 0.0,
          "client_accuracies": {
            "0": 0.0,
            "1": 0.08333333333333333,
            "2": 0.0,
            "3": 0.3333333333333333,
            "4": 0.0,
            "5": 0.16666666666666666,
            "6": 0.4166666666666667,
            "7": 0.08333333333333333,
            "8": 0.36363636363636365,
            "9": 0.25
          }
        },
        "communication": {
          "round_client_to_server_bytes": 24730000,
          "round_server_to_client_bytes": 24730000,
          "round_total_bytes": 49460000
        }
      }
    ],
    "final": {
      "mean_client_accuracy": 0.16969696969696968,
      "worst_client_accuracy": 0.0,
      "p10_client_accuracy": 0.0,
      "client_accuracies": {
        "0": 0.0,
        "1": 0.08333333333333333,
        "2": 0.0,
        "3": 0.3333333333333333,
        "4": 0.0,
        "5": 0.16666666666666666,
        "6": 0.4166666666666667,
        "7": 0.08333333333333333,
        "8": 0.36363636363636365,
        "9": 0.25
      }
    }
  },
  "communication": {
    "total_bytes": 247300000.0
  },
  "config": {
    "method": "moon",
    "dataset": "cifar10",
    "alpha": 0.3,
    "seed": 9,
    "rounds": 5,
    "local_epochs": 1,
    "max_samples_per_client": 64,
    "require_gpu": false
  },
  "execution": {
    "attempts": 1,
    "status": "success",
    "last_error": null,
    "saved_at": "2026-04-13T19:44:10.093729+00:00"
  }
}