{
  "0": 0.9937103057154545,
  "1": 0.8762929477680801,
  "2": 1.0834307839053319,
  "3": 1.0146518314352961,
  "4": 0.23729394906701515,
  "5": 0.7854239598602288,
  "6": 1.3231814673053357,
  "7": 0.8052669495269422,
  "8": 0.7659887278054685,
  "9": 0.9170264608856088
}