{
  "0": 1.3638373124471994,
  "1": 1.4556549941636931,
  "2": 1.3415809614618417,
  "3": 1.4056668064338167,
  "4": 1.4511279565527269,
  "5": 1.7560869418514256,
  "6": 1.0976797186075893,
  "7": 1.6005508758541256,
  "8": 1.601489044519155,
  "9": 0.9708572627687804
}