{
  "0": 2.1015087396787524,
  "1": 1.9633393447636547,
  "2": 2.096844098509615,
  "3": 1.8890888732655458,
  "4": 2.1088042432501086,
  "5": 1.8208516974162539,
  "6": 1.9783640029645522,
  "7": 2.098521755973389,
  "8": 1.868362228384306,
  "9": 1.6463763818056623
}