{
  "0": 0.1863124440011498,
  "1": 0.32932004508018375,
  "2": 0.2118802657608095,
  "3": 0.423266515456957,
  "4": 0.21178866258473253,
  "5": 0.5309631363271217,
  "6": 0.31461746537219537,
  "7": 0.21503711887824536,
  "8": 0.40155658189806714,
  "9": 0.6045402814157157
}